{
  "results": [
    {
      "command": "/root/npb/NPB3.4-OMP/bin/sp.C.x",
      "mean": 12.317330363519996,
      "stddev": 0.0401512680760703,
      "median": 12.30932089612,
      "user": 1571.1007895500002,
      "system": 2.66773666,
      "min": 12.24634239462,
      "max": 12.39370172962,
      "times": [
        12.272452187619999,
        12.35372840162,
        12.383663623619999,
        12.29176916962,
        12.30634986162,
        12.249145499619999,
        12.29569813362,
        12.29975889362,
        12.28764077962,
        12.39370172962,
        12.312291930619999,
        12.24634239462,
        12.32009893862,
        12.35534896962,
        12.352745792619999,
        12.29927240162,
        12.345884757619999,
        12.34454857862,
        12.330772932619999,
        12.305392293619999
      ],
      "exit_codes": [
        0,
        0,
        0,
        0,
        0,
        0,
        0,
        0,
        0,
        0,
        0,
        0,
        0,
        0,
        0,
        0,
        0,
        0,
        0,
        0
      ]
    }
  ]
}
