{
  "results": [
    {
      "command": "/root/npb/NPB3.4-OMP/bin/cg.B.x",
      "mean": 2.0119362392799993,
      "stddev": 0.05246557041509293,
      "median": 2.00472036504,
      "user": 253.18118829999992,
      "system": 1.4453682300000004,
      "min": 1.90459836004,
      "max": 2.16575570104,
      "times": [
        2.00258200704,
        2.01444192604,
        2.00085838604,
        2.01914896104,
        2.14589111804,
        1.9697943260400002,
        1.9789215420400001,
        2.11943594304,
        2.02792468504,
        1.99097052704,
        2.09770230804,
        2.10456832404,
        2.03041877604,
        1.9886919720400003,
        2.01215644204,
        1.97031865804,
        2.03843903404,
        1.9730280450400002,
        1.96880789104,
        1.97919086404,
        2.02283597604,
        1.9682407780400002,
        1.95795988904,
        1.9567839770400002,
        1.9274305750400003,
        1.97314237404,
        2.0527536950400003,
        1.9572872710400002,
        2.0096970990400003,
        2.01424945404,
        1.9576293930400002,
        2.01962516204,
        1.9849798360400002,
        1.9813820960400002,
        2.03101667304,
        1.9970541510400002,
        2.04600416404,
        1.97157024404,
        2.03334146504,
        2.07597442804,
        2.09571123104,
        2.00020841004,
        1.9678423360400001,
        2.02286901104,
        2.07008971504,
        2.04129859904,
        2.10463438904,
        2.00401180104,
        1.9300282750400002,
        2.02868234004,
        1.9970952520400003,
        2.02705350704,
        1.94914353304,
        2.0284072220400002,
        2.02170040404,
        2.12240489804,
        2.01738168504,
        1.9602343480400002,
        1.9710274450400003,
        2.03540306004,
        1.97525180504,
        2.01886517804,
        2.02679047104,
        1.97376702104,
        2.0283654760400003,
        1.9986951450400001,
        1.90459836004,
        1.9686111510400002,
        1.9114427740400002,
        1.96070963804,
        1.96567526604,
        1.9803582410400002,
        1.9904566860400001,
        2.05820122004,
        2.16575570104,
        1.9649860440400002,
        2.0348208960400003,
        1.9835835990400001,
        2.12837003604,
        2.02992122104,
        2.09361796404,
        2.00026004804,
        1.9405419990400001,
        2.06864831304,
        2.06718156604,
        2.09636858404,
        2.08440626204,
        2.01995846204,
        1.93724801104,
        1.9883457420400001,
        2.0054289290400003,
        1.9741598580400002,
        2.0116719020400002,
        1.99201568404,
        1.98588143304,
        2.03181563604,
        1.9687157050400002,
        2.06620906204,
        2.0816191920400002,
        1.94282574704
      ],
      "exit_codes": [
        0,
        0,
        0,
        0,
        0,
        0,
        0,
        0,
        0,
        0,
        0,
        0,
        0,
        0,
        0,
        0,
        0,
        0,
        0,
        0,
        0,
        0,
        0,
        0,
        0,
        0,
        0,
        0,
        0,
        0,
        0,
        0,
        0,
        0,
        0,
        0,
        0,
        0,
        0,
        0,
        0,
        0,
        0,
        0,
        0,
        0,
        0,
        0,
        0,
        0,
        0,
        0,
        0,
        0,
        0,
        0,
        0,
        0,
        0,
        0,
        0,
        0,
        0,
        0,
        0,
        0,
        0,
        0,
        0,
        0,
        0,
        0,
        0,
        0,
        0,
        0,
        0,
        0,
        0,
        0,
        0,
        0,
        0,
        0,
        0,
        0,
        0,
        0,
        0,
        0,
        0,
        0,
        0,
        0,
        0,
        0,
        0,
        0,
        0,
        0
      ]
    }
  ]
}
