{
  "results": [
    {
      "command": "/root/npb/NPB3.4-OMP/bin/cg.B.x",
      "mean": 1.905946313150001,
      "stddev": 0.08892511742329609,
      "median": 1.8911010238200001,
      "user": 239.58946253000005,
      "system": 1.4608865399999993,
      "min": 1.7762172293200003,
      "max": 2.3926483483200003,
      "times": [
        1.8373798113200002,
        1.83356353732,
        1.85034787332,
        1.8435879293200002,
        1.8774987903200002,
        1.83011792432,
        1.96173885432,
        1.9369094213200002,
        1.82573976732,
        1.9740615313200003,
        1.8588736633200003,
        1.9207316783200001,
        1.91183408132,
        1.8909106533200002,
        1.8593403853200001,
        1.8697083893200002,
        1.8613841743200001,
        1.8202076473200002,
        1.8331290343200002,
        1.87922386332,
        1.8830847403200002,
        1.86475579632,
        1.94537922032,
        1.81363042032,
        1.9299559593200002,
        1.8451277193200002,
        1.9336394273200002,
        1.7959971483200001,
        1.87581793932,
        1.9403442823200001,
        1.8671408073200002,
        1.8972023123200001,
        1.8926909153200002,
        1.90035725232,
        1.8348224183200001,
        1.9923244373200002,
        1.9922074273200001,
        2.31395725332,
        1.88960669732,
        1.9746064003200001,
        1.8975687923200002,
        2.0284441603200003,
        1.92911970932,
        1.8638085933200002,
        1.8833760673200002,
        1.9167346693200003,
        1.92961037232,
        1.9323465033200002,
        1.8802541803200001,
        1.8904294363200003,
        1.86117931232,
        1.89129139432,
        1.9585848143200002,
        2.08337731132,
        1.9516058553200002,
        1.8624090343200002,
        1.86650815332,
        1.93989023032,
        1.9190916603200001,
        1.95508110932,
        1.83661805832,
        1.94093080032,
        1.9374653513200002,
        1.8214199453200002,
        1.93719233232,
        1.81056884932,
        1.9010458203200002,
        2.3926483483200003,
        1.83812065632,
        1.89248765432,
        1.79342796832,
        1.8327844403200002,
        1.8562299063200003,
        1.8749804013200002,
        1.8089480033200003,
        1.8976010223200002,
        1.8427767263200001,
        1.7762172293200003,
        1.80951258332,
        1.9175474603200002,
        1.9289729023200002,
        1.88630723732,
        1.83691462132,
        1.8632643203200001,
        1.8351452883200001,
        2.06186704832,
        2.03811250932,
        1.9914628803200003,
        1.9384666643200001,
        1.88807189432,
        1.8853356403200001,
        2.08892673332,
        1.9193189463200002,
        1.8942136043200002,
        1.91060781432,
        1.9357751953200002,
        1.91844536132,
        1.97996366232,
        1.90399199932,
        1.8712944903200002
      ],
      "exit_codes": [
        0,
        0,
        0,
        0,
        0,
        0,
        0,
        0,
        0,
        0,
        0,
        0,
        0,
        0,
        0,
        0,
        0,
        0,
        0,
        0,
        0,
        0,
        0,
        0,
        0,
        0,
        0,
        0,
        0,
        0,
        0,
        0,
        0,
        0,
        0,
        0,
        0,
        0,
        0,
        0,
        0,
        0,
        0,
        0,
        0,
        0,
        0,
        0,
        0,
        0,
        0,
        0,
        0,
        0,
        0,
        0,
        0,
        0,
        0,
        0,
        0,
        0,
        0,
        0,
        0,
        0,
        0,
        0,
        0,
        0,
        0,
        0,
        0,
        0,
        0,
        0,
        0,
        0,
        0,
        0,
        0,
        0,
        0,
        0,
        0,
        0,
        0,
        0,
        0,
        0,
        0,
        0,
        0,
        0,
        0,
        0,
        0,
        0,
        0,
        0
      ]
    }
  ]
}
