{
  "results": [
    {
      "command": "/root/npb/NPB3.4-OMP/bin/bt.B.x",
      "mean": 4.288899614540001,
      "stddev": 0.05279989709813404,
      "median": 4.3032699687000004,
      "user": 544.6406984000001,
      "system": 1.5033832000000007,
      "min": 4.1764081412000005,
      "max": 4.381076370200001,
      "times": [
        4.2651491012000005,
        4.301790690200001,
        4.2275161782,
        4.3151975692,
        4.3558404572,
        4.308635149200001,
        4.1764081412000005,
        4.3527240642,
        4.2778274942,
        4.3051902232,
        4.3271039372,
        4.3320163672000005,
        4.3077544332,
        4.2905723652,
        4.2774210342000005,
        4.3354454242000005,
        4.3212317622,
        4.2838593952,
        4.3418644272,
        4.294909431200001,
        4.3349255912,
        4.3503431992,
        4.323150544200001,
        4.335915342200001,
        4.3047492472,
        4.338132138200001,
        4.3282737102,
        4.2860007522000005,
        4.381076370200001,
        4.315287537200001,
        4.3089198552,
        4.3226107032000005,
        4.3415621262,
        4.3275193732,
        4.299967173200001,
        4.3550486432,
        4.2777990022,
        4.232565982200001,
        4.2837932232,
        4.298033875200001,
        4.1980394792,
        4.206144544200001,
        4.1943040912,
        4.2209679302000005,
        4.218887593200001,
        4.224521812200001,
        4.213912002200001,
        4.1979313702,
        4.2160537482,
        4.210086122200001
      ],
      "exit_codes": [
        0,
        0,
        0,
        0,
        0,
        0,
        0,
        0,
        0,
        0,
        0,
        0,
        0,
        0,
        0,
        0,
        0,
        0,
        0,
        0,
        0,
        0,
        0,
        0,
        0,
        0,
        0,
        0,
        0,
        0,
        0,
        0,
        0,
        0,
        0,
        0,
        0,
        0,
        0,
        0,
        0,
        0,
        0,
        0,
        0,
        0,
        0,
        0,
        0,
        0
      ]
    }
  ]
}
