{
  "results": [
    {
      "command": "/root/npb/NPB3.4-OMP/bin/bt.B.x",
      "mean": 4.239070174899998,
      "stddev": 0.06266370418420376,
      "median": 4.23098551152,
      "user": 538.2326458800001,
      "system": 1.4977326199999998,
      "min": 4.09434808602,
      "max": 4.40868380502,
      "times": [
        4.20718577002,
        4.26052385602,
        4.1881965790199995,
        4.22619036502,
        4.1907557210199995,
        4.19315917602,
        4.18091478802,
        4.24179818202,
        4.162352065019999,
        4.1732941940199995,
        4.208472953019999,
        4.22878512602,
        4.09434808602,
        4.20071990902,
        4.20774183002,
        4.192629870019999,
        4.20679038402,
        4.26009767202,
        4.18908452002,
        4.15492278502,
        4.1982894670199995,
        4.16633226702,
        4.184949287019999,
        4.233185897019999,
        4.17840650802,
        4.270568186019999,
        4.27396349202,
        4.280759253019999,
        4.28136038202,
        4.29846122602,
        4.31043749702,
        4.40427801402,
        4.21064645502,
        4.29694591802,
        4.40868380502,
        4.25129770202,
        4.27701795502,
        4.286602064019999,
        4.22718503602,
        4.26293980802,
        4.262597566019999,
        4.361668864019999,
        4.308223166019999,
        4.169890543019999,
        4.29842733702,
        4.25459382902,
        4.27754286302,
        4.18542213002,
        4.24564205802,
        4.31922633802
      ],
      "exit_codes": [
        0,
        0,
        0,
        0,
        0,
        0,
        0,
        0,
        0,
        0,
        0,
        0,
        0,
        0,
        0,
        0,
        0,
        0,
        0,
        0,
        0,
        0,
        0,
        0,
        0,
        0,
        0,
        0,
        0,
        0,
        0,
        0,
        0,
        0,
        0,
        0,
        0,
        0,
        0,
        0,
        0,
        0,
        0,
        0,
        0,
        0,
        0,
        0,
        0,
        0
      ]
    }
  ]
}
