{
  "results": [
    {
      "command": "/root/npb/NPB3.4-OMP/bin/mg.D.x",
      "mean": 29.247797450580002,
      "stddev": 0.014921980328506404,
      "median": 29.24961815498,
      "user": 3698.0124895199997,
      "system": 29.956888299999996,
      "min": 29.22200837698,
      "max": 29.27819905398,
      "times": [
        29.25926882998,
        29.23305657598,
        29.25328388698,
        29.25946454198,
        29.23892385898,
        29.23765124298,
        29.24782863398,
        29.22340507298,
        29.25363550398,
        29.27819905398,
        29.23391533898,
        29.25140767598,
        29.259784046980002,
        29.24433944198,
        29.264883848980002,
        29.26827529198,
        29.22200837698,
        29.252030160980002,
        29.23874397398,
        29.23584365298
      ],
      "exit_codes": [
        0,
        0,
        0,
        0,
        0,
        0,
        0,
        0,
        0,
        0,
        0,
        0,
        0,
        0,
        0,
        0,
        0,
        0,
        0,
        0
      ]
    }
  ]
}
