{
  "results": [
    {
      "command": "/root/npb/NPB3.4-OMP/bin/sp.C.x",
      "mean": 19.90489668518,
      "stddev": 0.32802645147234794,
      "median": 19.80430146258,
      "user": 2542.312813399999,
      "system": 2.6771535999999996,
      "min": 19.52365275008,
      "max": 20.85919698508,
      "times": [
        20.18178877008,
        19.94801481008,
        20.03576091508,
        19.63876810908,
        19.65943198208,
        20.354099426079998,
        19.93439964208,
        19.94873344608,
        19.76952870208,
        19.78802409908,
        20.12654120208,
        20.24572022908,
        19.71620538208,
        19.52365275008,
        19.630235935079998,
        19.77689051708,
        20.85919698508,
        19.59473139908,
        19.82057882608,
        19.54563057608
      ],
      "exit_codes": [
        0,
        0,
        0,
        0,
        0,
        0,
        0,
        0,
        0,
        0,
        0,
        0,
        0,
        0,
        0,
        0,
        0,
        0,
        0,
        0
      ]
    }
  ]
}
