{
  "results": [
    {
      "command": "/root/npb/NPB3.4-OMP/bin/sp.C.x",
      "mean": 22.06733774734,
      "stddev": 2.447216025160114,
      "median": 21.15104861984,
      "user": 2812.294384329999,
      "system": 4.582601820000001,
      "min": 20.01940591784,
      "max": 29.693610248840002,
      "times": [
        20.91381669984,
        20.01940591784,
        22.04518954984,
        20.251409771840002,
        27.21979460384,
        20.717378586840002,
        22.56663258284,
        21.01218906184,
        21.30734378384,
        24.03067838584,
        20.71878569184,
        23.42699107084,
        20.976190248840002,
        22.009764589840003,
        20.521743411840003,
        20.31779179584,
        21.28990817784,
        20.985092232840003,
        29.693610248840002,
        21.323038533840002
      ],
      "exit_codes": [
        0,
        0,
        0,
        0,
        0,
        0,
        0,
        0,
        0,
        0,
        0,
        0,
        0,
        0,
        0,
        0,
        0,
        0,
        0,
        0
      ]
    }
  ]
}
