{
  "results": [
    {
      "command": "/root/npb/NPB3.4-OMP/bin/cg.C.x",
      "mean": 7.771880423319999,
      "stddev": 0.17724827216164116,
      "median": 7.72711905276,
      "user": 986.4174378600002,
      "system": 1.68556996,
      "min": 7.450306933759999,
      "max": 8.22355180076,
      "times": [
        7.71086460076,
        7.61500910576,
        7.568822625759999,
        7.86835137576,
        7.707440367759999,
        7.66437637576,
        7.98718431976,
        8.08007243576,
        7.569844830759999,
        7.88897489676,
        7.67259653176,
        7.698443098759999,
        7.89471796276,
        7.694776807759999,
        7.821360557759999,
        8.01174886876,
        7.80668870076,
        7.64547941476,
        8.089669685759999,
        7.503678208759999,
        7.6712033027599995,
        7.992841051759999,
        7.50344659676,
        8.22355180076,
        7.875762034759999,
        7.67296554276,
        7.78859629776,
        7.80568233876,
        7.71763340576,
        7.6051795237599995,
        7.73660469976,
        7.56965654176,
        7.7154182657599994,
        7.61061213776,
        8.030119639759999,
        7.928210655759999,
        7.450306933759999,
        7.892824365759999,
        7.5797602487599995,
        8.00481966976,
        7.600204585759999,
        7.676251414759999,
        7.897156861759999,
        7.63017761476,
        7.93349429376,
        7.74736851576,
        7.548530469759999,
        7.95886522876,
        7.84765965076,
        7.87901670376
      ],
      "exit_codes": [
        0,
        0,
        0,
        0,
        0,
        0,
        0,
        0,
        0,
        0,
        0,
        0,
        0,
        0,
        0,
        0,
        0,
        0,
        0,
        0,
        0,
        0,
        0,
        0,
        0,
        0,
        0,
        0,
        0,
        0,
        0,
        0,
        0,
        0,
        0,
        0,
        0,
        0,
        0,
        0,
        0,
        0,
        0,
        0,
        0,
        0,
        0,
        0,
        0,
        0
      ]
    }
  ]
}
