{
  "results": [
    {
      "command": "/root/npb/NPB3.4-OMP/bin/bt.B.x",
      "mean": 4.879543869859998,
      "stddev": 0.17257926276014957,
      "median": 4.850767450459999,
      "user": 620.12155646,
      "system": 1.2613379599999996,
      "min": 4.63511196696,
      "max": 5.39145433096,
      "times": [
        4.64360368196,
        4.88742826596,
        5.11682288296,
        5.09102187396,
        4.95379653396,
        5.03334792596,
        4.77406269596,
        5.00269362396,
        4.95829776796,
        4.72673217596,
        4.68216644096,
        4.80706714996,
        4.71176430196,
        4.86917796796,
        4.82515915596,
        4.74610815596,
        4.75826776396,
        4.63511196696,
        4.75391442696,
        4.71998888896,
        4.92121444196,
        5.18698174196,
        4.75109024896,
        4.93714801596,
        4.85730991496,
        5.10933605496,
        4.91439978096,
        4.78999522396,
        4.67091896896,
        4.7273286709599995,
        4.8657358539599995,
        5.2144220279599995,
        4.85798602296,
        4.7280625469599995,
        4.93237838096,
        4.84502396196,
        4.88793613396,
        5.09576660096,
        4.78003980196,
        4.76669784396,
        4.79793981796,
        5.39145433096,
        4.93997465396,
        5.35209205296,
        4.70033512796,
        4.82890258396,
        4.80384695296,
        4.85651093896,
        4.97859391896,
        4.79123722696
      ],
      "exit_codes": [
        0,
        0,
        0,
        0,
        0,
        0,
        0,
        0,
        0,
        0,
        0,
        0,
        0,
        0,
        0,
        0,
        0,
        0,
        0,
        0,
        0,
        0,
        0,
        0,
        0,
        0,
        0,
        0,
        0,
        0,
        0,
        0,
        0,
        0,
        0,
        0,
        0,
        0,
        0,
        0,
        0,
        0,
        0,
        0,
        0,
        0,
        0,
        0,
        0,
        0
      ]
    }
  ]
}
