{
  "results": [
    {
      "command": "nb-disabled-sequential",
      "mean": 10.86403058288,
      "stddev": 0.07495966928584129,
      "median": 10.85884052848,
      "user": 689.0222371533333,
      "system": 1.06681306,
      "min": 10.75075543998,
      "max": 11.05692088398,
      "times": [
        10.81698538298,
        10.82918712098,
        10.89895272098,
        10.87442924798,
        10.75075543998,
        10.76256531998,
        10.84677254098,
        10.80707874798,
        11.00189628798,
        10.90956421498,
        10.90985969998,
        10.87448362998,
        10.88286307398,
        10.85179733198,
        10.88689547898,
        10.82181041998,
        10.81446773598,
        10.77095310298,
        10.89714545298,
        10.79201879698,
        10.77260784498,
        10.77912371498,
        10.91371349998,
        10.83223318098,
        10.87480004698,
        11.05692088398,
        10.98162075198,
        10.99645891798,
        10.86588372498,
        10.84707317098
      ],
      "exit_codes": [
        0,
        0,
        0,
        0,
        0,
        0,
        0,
        0,
        0,
        0,
        0,
        0,
        0,
        0,
        0,
        0,
        0,
        0,
        0,
        0,
        0,
        0,
        0,
        0,
        0,
        0,
        0,
        0,
        0,
        0
      ]
    }
  ]
}
