{
  "results": [
    {
      "command": "nb-disabled-sockorder",
      "mean": 9.837972273413335,
      "stddev": 0.06330235088422861,
      "median": 9.83304511998,
      "user": 623.8769147333334,
      "system": 0.9445865199999998,
      "min": 9.73052667248,
      "max": 9.97446303748,
      "times": [
        9.88522773748,
        9.73177479548,
        9.872561572479999,
        9.782631367479999,
        9.86452876448,
        9.79678441548,
        9.97446303748,
        9.85690606348,
        9.78043551848,
        9.79879310548,
        9.77613072548,
        9.804111685479999,
        9.816727179479999,
        9.80904963748,
        9.88584487448,
        9.77379371948,
        9.759051553479999,
        9.77549935848,
        9.88548382248,
        9.83387690148,
        9.85346279248,
        9.89307708448,
        9.73052667248,
        9.929710931479999,
        9.93789107248,
        9.90898543148,
        9.79654840848,
        9.88523850048,
        9.907838134479999,
        9.832213338479999
      ],
      "exit_codes": [
        0,
        0,
        0,
        0,
        0,
        0,
        0,
        0,
        0,
        0,
        0,
        0,
        0,
        0,
        0,
        0,
        0,
        0,
        0,
        0,
        0,
        0,
        0,
        0,
        0,
        0,
        0,
        0,
        0,
        0
      ]
    }
  ]
}
