{
  "results": [
    {
      "command": "nb-disabled-sockets",
      "mean": 9.9284290787,
      "stddev": 0.07433633812617765,
      "median": 9.9199245462,
      "user": 629.2901078333333,
      "system": 0.8063246466666668,
      "min": 9.7894108712,
      "max": 10.1335360432,
      "times": [
        9.9718083612,
        9.9034205302,
        10.1335360432,
        9.9724973132,
        9.9844346682,
        10.0061593062,
        10.0116963522,
        9.9929201462,
        10.000328122200001,
        9.7894108712,
        9.8851571762,
        9.9669096492,
        9.8712592582,
        9.8114332932,
        9.8934742152,
        9.8406236052,
        9.9470181722,
        9.9215285212,
        10.0053424962,
        9.8665865622,
        9.8958194332,
        9.8509101632,
        9.9134360302,
        9.9894932522,
        9.8881805592,
        9.9498312992,
        9.9753594952,
        9.8729009082,
        9.9183205712,
        9.8230759862
      ],
      "exit_codes": [
        0,
        0,
        0,
        0,
        0,
        0,
        0,
        0,
        0,
        0,
        0,
        0,
        0,
        0,
        0,
        0,
        0,
        0,
        0,
        0,
        0,
        0,
        0,
        0,
        0,
        0,
        0,
        0,
        0,
        0
      ]
    }
  ]
}
