{
  "results": [
    {
      "command": "nb-disabled-none",
      "mean": 10.790437720273335,
      "stddev": 0.08687355257425415,
      "median": 10.79391541184,
      "user": 684.73458524,
      "system": 0.9728884799999999,
      "min": 10.608545108340001,
      "max": 10.980791750340002,
      "times": [
        10.851034482340001,
        10.83735413634,
        10.612010599340001,
        10.683158999340002,
        10.70054634034,
        10.785987204340001,
        10.833094844340001,
        10.768396175340001,
        10.980791750340002,
        10.865160683340001,
        10.879421227340002,
        10.757157923340001,
        10.76299124934,
        10.608545108340001,
        10.824865692340001,
        10.78886221534,
        10.795369816340001,
        10.78905490634,
        10.718468296340001,
        10.93588697234,
        10.792461007340002,
        10.743690409340001,
        10.800788804340002,
        10.68566783934,
        10.68985739434,
        10.83049898934,
        10.819290632340001,
        10.812183523340002,
        10.92806820434,
        10.832466181340001
      ],
      "exit_codes": [
        0,
        0,
        0,
        0,
        0,
        0,
        0,
        0,
        0,
        0,
        0,
        0,
        0,
        0,
        0,
        0,
        0,
        0,
        0,
        0,
        0,
        0,
        0,
        0,
        0,
        0,
        0,
        0,
        0,
        0
      ]
    }
  ]
}
