{
  "results": [
    {
      "command": "nb-enabled-sockorder",
      "mean": 9.48265955316,
      "stddev": 0.14349565233092382,
      "median": 9.493907699760001,
      "user": 601.0981129466666,
      "system": 1.0248303866666666,
      "min": 9.221688548760001,
      "max": 9.814489188760001,
      "times": [
        9.221688548760001,
        9.28548399776,
        9.302218401760001,
        9.356603894760001,
        9.636235084760001,
        9.491925920760002,
        9.44267423376,
        9.300828995760002,
        9.29678646176,
        9.30975171276,
        9.44562869676,
        9.424336202760001,
        9.421026219760002,
        9.761991933760001,
        9.51823033276,
        9.504896874760002,
        9.513222569760002,
        9.519269300760001,
        9.45109195476,
        9.547296277760001,
        9.49588947876,
        9.682212938760001,
        9.730780877760001,
        9.425905695760001,
        9.814489188760001,
        9.52714939876,
        9.47346703776,
        9.51823967576,
        9.543870807760001,
        9.51659387876
      ],
      "exit_codes": [
        0,
        0,
        0,
        0,
        0,
        0,
        0,
        0,
        0,
        0,
        0,
        0,
        0,
        0,
        0,
        0,
        0,
        0,
        0,
        0,
        0,
        0,
        0,
        0,
        0,
        0,
        0,
        0,
        0,
        0
      ]
    }
  ]
}
