{
  "results": [
    {
      "command": "nb-enabled-none",
      "mean": 10.68137323620667,
      "stddev": 0.20630313909412076,
      "median": 10.66167903774,
      "user": 677.2737516333335,
      "system": 1.0884055400000001,
      "min": 10.36015495574,
      "max": 11.471509712740001,
      "times": [
        10.66400415474,
        10.61206910974,
        10.61535671274,
        10.62750357174,
        10.62226216474,
        10.98729513874,
        10.68172470274,
        10.574513922740001,
        10.659353920740001,
        10.67365215174,
        10.714294867740001,
        10.516850726740001,
        10.673475428740002,
        10.46731190174,
        10.416835117740002,
        10.73168546874,
        10.43366582774,
        10.36015495574,
        10.576230974740001,
        10.825148031740001,
        10.893829380740002,
        11.471509712740001,
        10.59150621174,
        10.818708558740001,
        10.671714279740002,
        10.55089731674,
        10.670383026740001,
        10.85529898274,
        10.83898239674,
        10.64497836774
      ],
      "exit_codes": [
        0,
        0,
        0,
        0,
        0,
        0,
        0,
        0,
        0,
        0,
        0,
        0,
        0,
        0,
        0,
        0,
        0,
        0,
        0,
        0,
        0,
        0,
        0,
        0,
        0,
        0,
        0,
        0,
        0,
        0
      ]
    }
  ]
}
