{
  "results": [
    {
      "command": "nb-enabled-sequential",
      "mean": 10.631932230259999,
      "stddev": 0.11693589878080489,
      "median": 10.637959647259999,
      "user": 674.03142114,
      "system": 1.0715860266666666,
      "min": 10.358787701259999,
      "max": 10.87824867726,
      "times": [
        10.71275924826,
        10.56370326926,
        10.687738909259998,
        10.60637224826,
        10.711381397259998,
        10.70793426126,
        10.654985906259999,
        10.87824867726,
        10.567116367259999,
        10.500703759259999,
        10.43011713526,
        10.358787701259999,
        10.490989574259999,
        10.625841485259999,
        10.71349348826,
        10.58363006526,
        10.598333305259999,
        10.65352286826,
        10.682722718259999,
        10.79599433026,
        10.55355461726,
        10.570364185259999,
        10.783886922259999,
        10.74313089226,
        10.52973265426,
        10.832698281259999,
        10.52305790826,
        10.58419610126,
        10.66289082126,
        10.650077809259999
      ],
      "exit_codes": [
        0,
        0,
        0,
        0,
        0,
        0,
        0,
        0,
        0,
        0,
        0,
        0,
        0,
        0,
        0,
        0,
        0,
        0,
        0,
        0,
        0,
        0,
        0,
        0,
        0,
        0,
        0,
        0,
        0,
        0
      ]
    }
  ]
}
