{
  "results": [
    {
      "command": "nb-enabled-sockets",
      "mean": 9.61444897338,
      "stddev": 0.13529753902714195,
      "median": 9.58135411588,
      "user": 609.2328373866666,
      "system": 0.9532930666666667,
      "min": 9.48839762088,
      "max": 10.05007934288,
      "times": [
        9.67355832988,
        9.53719355088,
        9.56506356588,
        9.55337766688,
        9.86529635588,
        9.53952984488,
        9.51592858588,
        9.60447479488,
        9.60616987588,
        9.57917821088,
        9.65231159888,
        9.59226100488,
        9.62017625988,
        9.61332615588,
        9.59584993488,
        9.60482467888,
        10.01128321688,
        9.54253438588,
        9.51429629688,
        9.52372859388,
        9.48839762088,
        9.53088960788,
        9.55960406988,
        9.72307968288,
        9.54615883288,
        9.49306962388,
        9.58353002088,
        9.59872689788,
        10.05007934288,
        9.54957059288
      ],
      "exit_codes": [
        0,
        0,
        0,
        0,
        0,
        0,
        0,
        0,
        0,
        0,
        0,
        0,
        0,
        0,
        0,
        0,
        0,
        0,
        0,
        0,
        0,
        0,
        0,
        0,
        0,
        0,
        0,
        0,
        0,
        0
      ]
    }
  ]
}
