{
  "results": [
    {
      "command": "/root/npb/NPB3.4-OMP/bin/lu.C.x",
      "mean": 27.235187583253335,
      "stddev": 0.4053482775545066,
      "median": 27.25328855162,
      "user": 1739.6252257866674,
      "system": 1.9159941133333338,
      "min": 26.44754238912,
      "max": 28.11851547712,
      "times": [
        27.25137685112,
        27.60497843212,
        26.89246386312,
        26.90710643212,
        26.765415772119997,
        26.97337782412,
        27.02704454312,
        27.671343658119998,
        27.942930434119997,
        28.11851547712,
        26.749408418119998,
        26.74502909512,
        26.85122555812,
        27.243753301119998,
        27.39975997312,
        27.48585907112,
        27.23015401512,
        27.37221429012,
        26.70299189612,
        27.29080214312,
        27.30874733112,
        27.73763033912,
        27.26310980012,
        26.97861480412,
        26.44754238912,
        27.255200252119998,
        26.90978697612,
        27.528178262119997,
        27.77121235412,
        27.62985394112
      ],
      "exit_codes": [
        0,
        0,
        0,
        0,
        0,
        0,
        0,
        0,
        0,
        0,
        0,
        0,
        0,
        0,
        0,
        0,
        0,
        0,
        0,
        0,
        0,
        0,
        0,
        0,
        0,
        0,
        0,
        0,
        0,
        0
      ]
    }
  ]
}
