{
  "results": [
    {
      "command": "/root/npb/NPB3.4-OMP/bin/lu.C.x",
      "mean": 26.695125694846674,
      "stddev": 0.3226250441811633,
      "median": 26.645133459180002,
      "user": 1691.2953047533333,
      "system": 12.007782633333331,
      "min": 25.94728485218,
      "max": 27.37827462018,
      "times": [
        26.66212447718,
        26.36189018218,
        26.502569546180002,
        26.611698983180002,
        26.509415945180002,
        27.21577617418,
        26.82587418118,
        26.990632540180002,
        26.32951359218,
        26.608452483180002,
        25.94728485218,
        26.23394406218,
        26.70597108518,
        26.68843204018,
        27.32814074918,
        26.85592438218,
        26.53289820318,
        26.66514924318,
        26.51572519818,
        27.11414316918,
        27.37827462018,
        26.62814244118,
        26.315565995180002,
        26.55206318418,
        26.68520111018,
        26.604762813180002,
        27.01413439618,
        26.59739306918,
        26.99047692718,
        26.88219519918
      ],
      "exit_codes": [
        0,
        0,
        0,
        0,
        0,
        0,
        0,
        0,
        0,
        0,
        0,
        0,
        0,
        0,
        0,
        0,
        0,
        0,
        0,
        0,
        0,
        0,
        0,
        0,
        0,
        0,
        0,
        0,
        0,
        0
      ]
    }
  ]
}
