{
  "results": [
    {
      "command": "/root/npb/NPB3.4-OMP/bin/lu.C.x",
      "mean": 26.833263637599995,
      "stddev": 0.29477688070883756,
      "median": 26.8077498588,
      "user": 1698.7253647599998,
      "system": 12.98833426,
      "min": 26.258749664299998,
      "max": 27.3840084363,
      "times": [
        27.0673473413,
        26.5496985393,
        26.588879403299998,
        26.586595781299998,
        26.5842145523,
        26.9221914603,
        26.581071279299998,
        27.3255197613,
        26.8295698723,
        27.1757489493,
        26.9507993123,
        26.3838561533,
        26.7748500063,
        27.0686667073,
        27.1587760963,
        27.3840084363,
        26.8806760043,
        26.9788536073,
        26.6817056103,
        26.258749664299998,
        26.6783847073,
        26.7928745643,
        27.0691281113,
        27.3198495433,
        26.7494666313,
        26.593913805299998,
        26.436511002299998,
        26.6176186123,
        26.8226251533,
        27.1857584593
      ],
      "exit_codes": [
        0,
        0,
        0,
        0,
        0,
        0,
        0,
        0,
        0,
        0,
        0,
        0,
        0,
        0,
        0,
        0,
        0,
        0,
        0,
        0,
        0,
        0,
        0,
        0,
        0,
        0,
        0,
        0,
        0,
        0
      ]
    }
  ]
}
