{
  "results": [
    {
      "command": "/root/npb/NPB3.4-OMP/bin/lu.C.x",
      "mean": 26.71733023397333,
      "stddev": 0.2971774115720508,
      "median": 26.782343507039997,
      "user": 1693.7941501533328,
      "system": 11.609605393333332,
      "min": 26.03499881204,
      "max": 27.24214255904,
      "times": [
        26.43519126104,
        26.40080753904,
        26.85894142404,
        27.08716611604,
        26.77483679504,
        26.847555882039998,
        26.93521535804,
        26.54837302804,
        26.17020162304,
        26.03499881204,
        26.78276862004,
        27.10542573404,
        27.05272850504,
        26.74924896604,
        26.795103781039998,
        26.43174122804,
        26.41967027004,
        26.67347150404,
        26.79332684304,
        27.24214255904,
        26.87532941604,
        26.54514011604,
        26.53648695704,
        26.41636695304,
        26.781918394039998,
        27.05713686904,
        26.83940325704,
        27.15018455604,
        26.81651356304,
        26.362511089039998
      ],
      "exit_codes": [
        0,
        0,
        0,
        0,
        0,
        0,
        0,
        0,
        0,
        0,
        0,
        0,
        0,
        0,
        0,
        0,
        0,
        0,
        0,
        0,
        0,
        0,
        0,
        0,
        0,
        0,
        0,
        0,
        0,
        0
      ]
    }
  ]
}
