{
  "results": [
    {
      "command": "/root/npb/NPB3.4-OMP/bin/lu.C.x",
      "mean": 26.757853633399996,
      "stddev": 0.24503723312011869,
      "median": 26.7637047415,
      "user": 1694.3282927799994,
      "system": 12.83701752,
      "min": 26.2081242265,
      "max": 27.2022281965,
      "times": [
        26.7602447545,
        26.7671647285,
        26.7945359755,
        27.0097271905,
        26.8322481385,
        26.6899424545,
        26.4873918705,
        26.5504354915,
        26.5114992195,
        26.8811164255,
        26.9029152855,
        27.1678885495,
        27.1212481675,
        26.2081242265,
        26.6247979635,
        26.4516652435,
        26.8192085955,
        27.0055903565,
        27.0573235035,
        26.701837157499998,
        26.5011027125,
        26.8228114855,
        26.5026838655,
        26.6986648885,
        26.8081808455,
        27.1156508905,
        27.2022281965,
        26.6306016995,
        26.4661670695,
        26.6426120505
      ],
      "exit_codes": [
        0,
        0,
        0,
        0,
        0,
        0,
        0,
        0,
        0,
        0,
        0,
        0,
        0,
        0,
        0,
        0,
        0,
        0,
        0,
        0,
        0,
        0,
        0,
        0,
        0,
        0,
        0,
        0,
        0,
        0
      ]
    }
  ]
}
