{
  "results": [
    {
      "command": "/root/npb/NPB3.4-OMP/bin/lu.C.x",
      "mean": 26.71359393146667,
      "stddev": 0.2794532426160406,
      "median": 26.714856408499998,
      "user": 1693.0856096133334,
      "system": 11.612580679999997,
      "min": 26.205549336,
      "max": 27.159607348999998,
      "times": [
        26.205549336,
        27.133446011,
        26.969958312,
        27.085677301,
        26.4813463,
        26.424811907,
        26.808881527,
        26.468530089999998,
        26.667741811,
        27.159607348999998,
        27.106669672,
        26.457918465,
        26.266942348,
        26.608541433,
        26.975194867,
        26.846865727999997,
        26.96707623,
        26.662011654,
        26.898691773,
        26.380585832999998,
        26.720337121,
        26.383190263,
        26.709375696,
        27.079832844,
        26.877195293,
        26.616460117,
        26.846467741999998,
        26.358022687,
        26.776961871999998,
        26.463926362
      ],
      "exit_codes": [
        0,
        0,
        0,
        0,
        0,
        0,
        0,
        0,
        0,
        0,
        0,
        0,
        0,
        0,
        0,
        0,
        0,
        0,
        0,
        0,
        0,
        0,
        0,
        0,
        0,
        0,
        0,
        0,
        0,
        0
      ]
    }
  ]
}
