{
  "results": [
    {
      "command": "/root/npb/NPB3.4-OMP/bin/lu.C.x",
      "mean": 25.509568659859998,
      "stddev": 0.21811618577888575,
      "median": 25.49487276616,
      "user": 1627.7946959799997,
      "system": 1.6204829133333332,
      "min": 24.99197229416,
      "max": 25.88493213216,
      "times": [
        24.99197229416,
        25.23558302716,
        25.28959047816,
        25.38089237416,
        25.49033454516,
        25.53196278816,
        25.37673731416,
        25.39574028016,
        25.23727682816,
        25.27671505416,
        25.48524879716,
        25.62115355916,
        25.74053525216,
        25.67972604616,
        25.49071919316,
        25.30935210616,
        25.29525415816,
        25.49902633916,
        25.64982979216,
        25.88493213216,
        25.80511888716,
        25.68386507416,
        25.52407895216,
        25.33929137316,
        25.43439356016,
        25.555487585159998,
        25.78470904416,
        25.86180496316,
        25.83675517616,
        25.59897282116
      ],
      "exit_codes": [
        0,
        0,
        0,
        0,
        0,
        0,
        0,
        0,
        0,
        0,
        0,
        0,
        0,
        0,
        0,
        0,
        0,
        0,
        0,
        0,
        0,
        0,
        0,
        0,
        0,
        0,
        0,
        0,
        0,
        0
      ]
    }
  ]
}
