{
  "results": [
    {
      "command": "/root/npb/NPB3.4-OMP/bin/lu.C.x",
      "mean": 26.791427519979994,
      "stddev": 0.22022065968169874,
      "median": 26.73965382528,
      "user": 1712.1641101399994,
      "system": 1.2730041266666667,
      "min": 26.35790225628,
      "max": 27.24641391128,
      "times": [
        26.66595366628,
        27.08820562728,
        27.00338996328,
        27.24641391128,
        27.05529392428,
        26.72358662428,
        26.77090588428,
        26.55928335328,
        26.73920884828,
        27.00731201128,
        27.11089088328,
        26.70336236628,
        26.77711962828,
        26.53299031928,
        26.53120759828,
        26.48709741228,
        26.85124690428,
        26.95131585928,
        26.76699261928,
        26.740098802280002,
        26.35790225628,
        26.64709852428,
        26.62743210128,
        26.73570984728,
        27.06698796728,
        27.14735841928,
        26.73896718228,
        26.83883387928,
        26.69913910028,
        26.571520115280002
      ],
      "exit_codes": [
        0,
        0,
        0,
        0,
        0,
        0,
        0,
        0,
        0,
        0,
        0,
        0,
        0,
        0,
        0,
        0,
        0,
        0,
        0,
        0,
        0,
        0,
        0,
        0,
        0,
        0,
        0,
        0,
        0,
        0
      ]
    }
  ]
}
