{
  "results": [
    {
      "command": "/root/npb/NPB3.4-OMP/bin/mg.D.x",
      "mean": 34.11585788504,
      "stddev": 0.2795539073110634,
      "median": 34.12048149884001,
      "user": 4321.11462513,
      "system": 29.820584099999998,
      "min": 33.726628609340004,
      "max": 34.57774763734,
      "times": [
        34.363720546340005,
        34.57774763734,
        34.38164596034,
        34.51107521134,
        34.44643610134,
        33.80128347934,
        34.06034263834,
        34.364493256340005,
        33.78629239434,
        34.27294062534,
        33.76235484034,
        33.92664654834,
        34.180620359340004,
        34.28863964334,
        34.04941165134,
        33.726628609340004,
        33.87502898334,
        33.77824307934,
        33.92089779034,
        34.24270834534
      ],
      "exit_codes": [
        0,
        0,
        0,
        0,
        0,
        0,
        0,
        0,
        0,
        0,
        0,
        0,
        0,
        0,
        0,
        0,
        0,
        0,
        0,
        0
      ]
    }
  ]
}
