{
  "results": [
    {
      "command": "/root/npb/NPB3.4-OMP/bin/cg.C.x",
      "mean": 10.051141685379996,
      "stddev": 0.1242426909022002,
      "median": 10.060729313920001,
      "user": 638.7946366100001,
      "system": 1.2179709399999998,
      "min": 9.68928959992,
      "max": 10.28204222792,
      "times": [
        9.90435431292,
        10.137819136920001,
        9.90303689792,
        10.00677567492,
        9.99792308292,
        9.797486345920001,
        10.001869113920002,
        10.24827234092,
        9.904738360920001,
        9.761781756920001,
        10.178330373920002,
        10.19887266992,
        10.177781751920001,
        10.01055294592,
        9.68928959992,
        9.807674224920001,
        10.10304122992,
        9.76124690792,
        10.17624223292,
        9.99832500592,
        10.04449778292,
        10.20519133492,
        10.21370982892,
        10.16590382492,
        10.03421079892,
        10.21908956292,
        10.10596410392,
        10.192265501920001,
        10.06406119592,
        9.868913672920002,
        10.104062287920001,
        9.96482625792,
        10.18031992092,
        9.979415382920001,
        9.81627549192,
        10.22964945392,
        10.15283909292,
        10.07286158392,
        9.86054143792,
        10.063989946920001,
        10.05396605492,
        10.19085603992,
        9.96625942492,
        9.94769988992,
        9.91290396492,
        10.16478732592,
        10.04925072892,
        9.845425310920001,
        10.057468680920001,
        9.990040371920001,
        10.035193489920001,
        10.10627852292,
        10.166185396920001,
        10.03513994192,
        10.07104738392,
        9.943243087920001,
        10.23948348092,
        10.17544962092,
        10.19621783492,
        10.08040042592,
        10.13964069292,
        9.949550204920001,
        10.11125567092,
        10.15749684292,
        10.02630919792,
        10.02688989992,
        10.02182580392,
        9.964989924920001,
        10.08851645092,
        9.952132071920001,
        10.17204783292,
        9.861694334920001,
        10.008747642920001,
        10.164253288920001,
        10.24397012392,
        10.06441750592,
        10.22077887792,
        9.835384943920001,
        10.16744132492,
        10.11482295092,
        10.01852648692,
        10.116641216920002,
        10.009612368920001,
        9.98653682492,
        10.167153714920001,
        10.045687475920001,
        10.133395418920001,
        9.962528581920001,
        10.28204222792,
        10.093059249920001,
        10.023652459920001,
        10.06987538992,
        10.08060257292,
        10.104316094920001,
        10.022161780920001,
        10.00219268392,
        10.05001188892,
        9.90778482392,
        10.118524281920001,
        10.09639799292
      ],
      "exit_codes": [
        0,
        0,
        0,
        0,
        0,
        0,
        0,
        0,
        0,
        0,
        0,
        0,
        0,
        0,
        0,
        0,
        0,
        0,
        0,
        0,
        0,
        0,
        0,
        0,
        0,
        0,
        0,
        0,
        0,
        0,
        0,
        0,
        0,
        0,
        0,
        0,
        0,
        0,
        0,
        0,
        0,
        0,
        0,
        0,
        0,
        0,
        0,
        0,
        0,
        0,
        0,
        0,
        0,
        0,
        0,
        0,
        0,
        0,
        0,
        0,
        0,
        0,
        0,
        0,
        0,
        0,
        0,
        0,
        0,
        0,
        0,
        0,
        0,
        0,
        0,
        0,
        0,
        0,
        0,
        0,
        0,
        0,
        0,
        0,
        0,
        0,
        0,
        0,
        0,
        0,
        0,
        0,
        0,
        0,
        0,
        0,
        0,
        0,
        0,
        0
      ]
    }
  ]
}
