{
  "results": [
    {
      "command": "/root/npb/NPB3.4-OMP/bin/cg.C.x",
      "mean": 9.096036477010001,
      "stddev": 0.0870306834094627,
      "median": 9.0848649315,
      "user": 574.0774759500001,
      "system": 2.656439700000001,
      "min": 8.9731784625,
      "max": 9.5319594425,
      "times": [
        9.0144089455,
        9.018757306500001,
        9.080696273500001,
        9.083936942500001,
        9.0983386015,
        9.052398785500001,
        9.0575311705,
        9.1089545305,
        9.0880217975,
        9.0784676085,
        9.0545995845,
        9.223570521500001,
        9.083208434500001,
        9.5319594425,
        9.2331064135,
        9.1138089875,
        9.1314525475,
        9.0478134115,
        9.176221917500001,
        9.000012058500001,
        9.0113054715,
        9.1212859375,
        9.1260988315,
        9.111529152500001,
        9.1420592645,
        9.097973532500001,
        9.0781579365,
        9.020714550500001,
        9.2417697545,
        9.1428706185,
        9.1061132085,
        9.1475555895,
        9.1033347885,
        9.2206831115,
        8.9800427255,
        9.2225461585,
        9.0046284475,
        9.0771292105,
        9.141437037500001,
        9.1188364305,
        9.0104247555,
        9.2715324445,
        9.0448863425,
        8.9773864605,
        8.9914347155,
        9.1790954945,
        9.0565469385,
        9.133109729500001,
        9.0476048135,
        9.1200316755,
        9.042906311500001,
        9.0391464655,
        9.037694739500001,
        9.0863670565,
        8.9957882725,
        9.1237294145,
        9.1094012745,
        9.0802837365,
        9.060542016500001,
        9.140302374500001,
        9.193530756500001,
        9.0300557045,
        9.0144101385,
        9.1099026885,
        9.0749353005,
        9.086217878500001,
        9.1461655985,
        8.9977229575,
        8.9731784625,
        9.022575125500001,
        9.1466078285,
        9.0997063155,
        8.9858208955,
        9.085792920500001,
        9.0901564765,
        9.0278038995,
        9.0772662165,
        9.1067818785,
        9.1720459625,
        9.1048523405,
        9.0296160505,
        9.0506972675,
        9.0953307735,
        9.0543273765,
        9.0521988815,
        9.058677942500001,
        9.1152210695,
        9.0468290135,
        9.1904003565,
        9.050314482500001,
        9.2647701665,
        9.0610745825,
        8.9839212495,
        9.073497017500001,
        9.060260726500001,
        9.1091249295,
        9.017956357500001,
        9.114378330500001,
        9.1356102365,
        9.4523594745
      ],
      "exit_codes": [
        0,
        0,
        0,
        0,
        0,
        0,
        0,
        0,
        0,
        0,
        0,
        0,
        0,
        0,
        0,
        0,
        0,
        0,
        0,
        0,
        0,
        0,
        0,
        0,
        0,
        0,
        0,
        0,
        0,
        0,
        0,
        0,
        0,
        0,
        0,
        0,
        0,
        0,
        0,
        0,
        0,
        0,
        0,
        0,
        0,
        0,
        0,
        0,
        0,
        0,
        0,
        0,
        0,
        0,
        0,
        0,
        0,
        0,
        0,
        0,
        0,
        0,
        0,
        0,
        0,
        0,
        0,
        0,
        0,
        0,
        0,
        0,
        0,
        0,
        0,
        0,
        0,
        0,
        0,
        0,
        0,
        0,
        0,
        0,
        0,
        0,
        0,
        0,
        0,
        0,
        0,
        0,
        0,
        0,
        0,
        0,
        0,
        0,
        0,
        0
      ]
    }
  ]
}
