{
  "results": [
    {
      "command": "/root/npb/NPB3.4-OMP/bin/cg.C.x",
      "mean": 9.084749115459998,
      "stddev": 0.08834928016174727,
      "median": 9.06793842864,
      "user": 573.35743295,
      "system": 2.6430342000000007,
      "min": 8.94447891514,
      "max": 9.45415609214,
      "times": [
        9.05792299714,
        9.15488456114,
        9.07644730314,
        9.07918059314,
        9.06534249914,
        9.095641324139999,
        8.98714100514,
        9.292818859139999,
        9.201653542139999,
        8.96027466114,
        9.03424804214,
        8.99942554314,
        9.05222415614,
        9.071195850139999,
        9.06539245014,
        9.15503934114,
        9.024932035139999,
        8.94447891514,
        9.19049505514,
        9.024151954139999,
        9.12649314814,
        9.09784128714,
        9.056800322139999,
        9.331933059139999,
        9.12763434014,
        8.95208503314,
        8.95132776514,
        9.06915042814,
        8.99928121814,
        9.01598196814,
        9.11298182514,
        9.18809458314,
        9.166951385139999,
        9.04054333014,
        8.95716283414,
        9.02789239214,
        9.02969046914,
        9.15894380414,
        8.99227696314,
        9.07712990814,
        9.060137146139999,
        9.023528088139999,
        9.12990526114,
        8.961435631139999,
        9.07897760314,
        9.15403537414,
        9.13199775114,
        9.04576030614,
        9.057153676139999,
        9.08288719214,
        9.100954464139999,
        9.04844638614,
        9.16372151014,
        9.06908458314,
        9.16298827914,
        9.05272275414,
        9.03429626514,
        9.00985697314,
        9.066792274139999,
        9.08520181414,
        9.251504281139999,
        9.127322162139999,
        9.186009263139999,
        9.05696541114,
        8.98802366914,
        9.03056096914,
        9.07650951814,
        9.02856376614,
        9.05706444714,
        9.01969947914,
        9.45415609214,
        9.005799357139999,
        9.121520200139999,
        9.06428748714,
        9.07773484514,
        9.13405034414,
        9.21215475014,
        9.05126055814,
        9.00005824314,
        8.96701988514,
        9.069875289139999,
        9.16129576714,
        9.19067528514,
        9.073984704139999,
        9.05974879914,
        9.10174152814,
        9.01027684914,
        9.078145487139999,
        9.27389464214,
        9.11916554314,
        9.05593465914,
        9.09708625914,
        9.32107263014,
        9.041195951139999,
        9.025372834139999,
        9.04793428114,
        9.01417442314,
        9.20629616614,
        9.115529692139999,
        8.96827594214
      ],
      "exit_codes": [
        0,
        0,
        0,
        0,
        0,
        0,
        0,
        0,
        0,
        0,
        0,
        0,
        0,
        0,
        0,
        0,
        0,
        0,
        0,
        0,
        0,
        0,
        0,
        0,
        0,
        0,
        0,
        0,
        0,
        0,
        0,
        0,
        0,
        0,
        0,
        0,
        0,
        0,
        0,
        0,
        0,
        0,
        0,
        0,
        0,
        0,
        0,
        0,
        0,
        0,
        0,
        0,
        0,
        0,
        0,
        0,
        0,
        0,
        0,
        0,
        0,
        0,
        0,
        0,
        0,
        0,
        0,
        0,
        0,
        0,
        0,
        0,
        0,
        0,
        0,
        0,
        0,
        0,
        0,
        0,
        0,
        0,
        0,
        0,
        0,
        0,
        0,
        0,
        0,
        0,
        0,
        0,
        0,
        0,
        0,
        0,
        0,
        0,
        0,
        0
      ]
    }
  ]
}
