{
  "results": [
    {
      "command": "/root/npb/NPB3.4-OMP/bin/cg.C.x",
      "mean": 9.08037679194,
      "stddev": 0.09096351873724477,
      "median": 9.08077448672,
      "user": 573.1600078400002,
      "system": 2.5850761000000007,
      "min": 8.880908680720001,
      "max": 9.41167140872,
      "times": [
        9.160709926720001,
        9.15100862072,
        9.08784891772,
        8.99505154572,
        8.98784466472,
        9.285633563720001,
        9.34602570772,
        9.06492019472,
        9.05651200072,
        9.08473046772,
        9.13452753172,
        9.08075981972,
        9.114026367720001,
        9.02575522772,
        9.41167140872,
        9.12227220972,
        9.09476761272,
        9.08078915372,
        9.21041704972,
        9.08640875072,
        8.953245283720001,
        8.94578896372,
        9.014283818720001,
        9.076508156720001,
        9.025180541720001,
        9.19094776272,
        9.29570479272,
        9.02732107272,
        9.099099518720001,
        9.09595640572,
        9.03919824872,
        9.31917055872,
        9.23338459972,
        9.08084094272,
        9.03927944872,
        9.04076512372,
        9.07341600172,
        9.07735424372,
        8.98134959072,
        9.111487954720001,
        8.93478251572,
        8.98854286772,
        9.05718521472,
        9.13967622772,
        9.10890707572,
        9.08593404972,
        9.045200296720001,
        9.14207174072,
        9.001655126720001,
        9.11113165572,
        9.15082962772,
        9.03144502472,
        9.13462833072,
        9.12995474072,
        9.05376058372,
        8.99375655872,
        9.00030325472,
        9.11344248672,
        9.028511891720001,
        8.97470620572,
        9.17755697572,
        9.00392561872,
        9.09610542872,
        9.03965700472,
        9.09204047772,
        8.95771081472,
        9.01289441172,
        9.020963700720001,
        9.07155155772,
        8.97975342072,
        9.05065571972,
        9.03118558072,
        9.09624998672,
        8.96995942472,
        8.88291295972,
        9.194694953720001,
        9.088791155720001,
        9.006360859720001,
        9.14239798272,
        9.13430908172,
        9.10741914272,
        9.13913608472,
        8.880908680720001,
        8.99129358772,
        9.03221649572,
        9.11666100872,
        9.101900220720001,
        9.07325974772,
        9.00730458872,
        9.21012517072,
        8.945951668720001,
        9.14507846372,
        9.09239150372,
        9.18109164172,
        9.12983901572,
        9.10224072872,
        9.030563046720001,
        9.09492955572,
        9.07708164672,
        9.00022082872
      ],
      "exit_codes": [
        0,
        0,
        0,
        0,
        0,
        0,
        0,
        0,
        0,
        0,
        0,
        0,
        0,
        0,
        0,
        0,
        0,
        0,
        0,
        0,
        0,
        0,
        0,
        0,
        0,
        0,
        0,
        0,
        0,
        0,
        0,
        0,
        0,
        0,
        0,
        0,
        0,
        0,
        0,
        0,
        0,
        0,
        0,
        0,
        0,
        0,
        0,
        0,
        0,
        0,
        0,
        0,
        0,
        0,
        0,
        0,
        0,
        0,
        0,
        0,
        0,
        0,
        0,
        0,
        0,
        0,
        0,
        0,
        0,
        0,
        0,
        0,
        0,
        0,
        0,
        0,
        0,
        0,
        0,
        0,
        0,
        0,
        0,
        0,
        0,
        0,
        0,
        0,
        0,
        0,
        0,
        0,
        0,
        0,
        0,
        0,
        0,
        0,
        0,
        0
      ]
    }
  ]
}
