{
  "results": [
    {
      "command": "/root/npb/NPB3.4-OMP/bin/cg.C.x",
      "mean": 9.208183601599998,
      "stddev": 0.1252298766628097,
      "median": 9.178032624139998,
      "user": 582.2089251099998,
      "system": 2.4061406499999993,
      "min": 8.98967598014,
      "max": 9.836713655139999,
      "times": [
        9.084322480139999,
        9.254346862139998,
        9.15104042814,
        9.112894639139999,
        9.351394019139999,
        9.257231420139998,
        9.328512800139999,
        9.21178052014,
        9.102044317139999,
        9.29319644614,
        9.16343504314,
        9.13481759114,
        9.16487629914,
        9.13847156214,
        9.120723822139999,
        9.22240437114,
        9.214339467139999,
        9.157829057139999,
        9.17707956214,
        9.118060070139999,
        9.17005139314,
        9.10231105614,
        9.45797766714,
        9.44121581214,
        9.05567013614,
        9.14049307214,
        9.115393511139999,
        9.120337405139999,
        9.154729437139999,
        9.22304276914,
        9.103213926139999,
        9.836713655139999,
        9.31804227114,
        9.227116489139998,
        9.11213924714,
        9.09488916814,
        9.16056080314,
        9.197392514139999,
        9.11733653314,
        9.22670941114,
        9.152810924139999,
        9.27187783414,
        9.15335005814,
        8.98967598014,
        9.33875817914,
        9.24022196414,
        9.177581995139999,
        9.243845801139999,
        9.096019237139998,
        9.134216928139999,
        9.478318866139999,
        9.134334232139999,
        9.128746504139999,
        9.458655730139998,
        9.111333803139999,
        9.20846704914,
        9.18878337214,
        9.20820517414,
        9.42079781014,
        9.295472346139999,
        9.30778328814,
        9.19099582314,
        9.22514534214,
        9.31622863114,
        9.43123307614,
        9.497482629139999,
        9.19373825314,
        9.02679401414,
        9.104952552139999,
        9.06496577614,
        9.08546729914,
        9.198074631139999,
        9.159249018139999,
        9.240150890139999,
        9.055419536139999,
        9.11343273614,
        9.303302410139999,
        9.172350720139999,
        9.26398491614,
        9.14413505414,
        9.21605028914,
        9.13669270814,
        9.20052736614,
        9.237842130139999,
        9.26558095914,
        9.322515920139999,
        9.21226076314,
        9.112255869139998,
        9.16007614214,
        9.150456969139999,
        9.075906025139998,
        9.109568915139999,
        9.17848325314,
        9.306608194139999,
        9.104431199139999,
        9.08141986914,
        9.28385949114,
        9.28249604014,
        9.20089146014,
        9.51993915514
      ],
      "exit_codes": [
        0,
        0,
        0,
        0,
        0,
        0,
        0,
        0,
        0,
        0,
        0,
        0,
        0,
        0,
        0,
        0,
        0,
        0,
        0,
        0,
        0,
        0,
        0,
        0,
        0,
        0,
        0,
        0,
        0,
        0,
        0,
        0,
        0,
        0,
        0,
        0,
        0,
        0,
        0,
        0,
        0,
        0,
        0,
        0,
        0,
        0,
        0,
        0,
        0,
        0,
        0,
        0,
        0,
        0,
        0,
        0,
        0,
        0,
        0,
        0,
        0,
        0,
        0,
        0,
        0,
        0,
        0,
        0,
        0,
        0,
        0,
        0,
        0,
        0,
        0,
        0,
        0,
        0,
        0,
        0,
        0,
        0,
        0,
        0,
        0,
        0,
        0,
        0,
        0,
        0,
        0,
        0,
        0,
        0,
        0,
        0,
        0,
        0,
        0,
        0
      ]
    }
  ]
}
