{
  "results": [
    {
      "command": "/root/npb/NPB3.4-OMP/bin/cg.C.x",
      "mean": 9.071475657969996,
      "stddev": 0.07199587709987236,
      "median": 9.057823794880001,
      "user": 572.4055373200001,
      "system": 2.7110903100000003,
      "min": 8.919584011380001,
      "max": 9.329310687380001,
      "times": [
        9.06894238838,
        9.03629278138,
        9.11966318638,
        9.05004938038,
        9.00201728338,
        9.12981767938,
        9.01544237238,
        9.13773638938,
        9.08924209938,
        9.31653338838,
        9.18419878838,
        9.03632050038,
        9.12096367438,
        9.05123342838,
        9.05971447638,
        8.987309960380001,
        9.03683201338,
        9.127908511380001,
        9.063957936380001,
        9.091027546380001,
        9.18378935238,
        9.02349465638,
        8.952753193380001,
        9.046163382380001,
        9.125554946380001,
        9.08310977438,
        9.06689826638,
        9.081852408380001,
        9.00953919538,
        9.12039041238,
        9.18773135638,
        9.329310687380001,
        9.043727204380001,
        9.14290004138,
        9.04355365938,
        9.09174751538,
        9.04077180238,
        9.03811182638,
        9.145207024380001,
        8.96295190838,
        8.99600479238,
        8.98114129338,
        9.045972345380001,
        9.012128781380001,
        9.04198942638,
        9.06088744138,
        9.03019028638,
        9.02092442838,
        9.13534170538,
        8.95621033938,
        9.04117395938,
        9.020630525380001,
        9.051246990380001,
        9.00230068438,
        9.27313260238,
        9.17591800838,
        8.990845828380001,
        9.01632651938,
        9.08232762738,
        9.124140821380001,
        9.16425250638,
        9.159410706380001,
        9.07218786638,
        9.04356264638,
        9.04852103138,
        9.06684551238,
        9.01519486438,
        9.06901994338,
        9.07691519438,
        9.138235100380001,
        9.00507839238,
        9.09178700138,
        9.09968690238,
        9.182156479380001,
        9.17315947238,
        8.919584011380001,
        9.00929919438,
        9.043079799380001,
        9.16251676938,
        9.15143754438,
        9.11364268838,
        9.025107889380001,
        9.12584822438,
        9.02027994238,
        9.040421223380001,
        9.08030870238,
        9.06019268938,
        9.005449327380001,
        9.067711582380001,
        8.987957576380001,
        8.983685411380002,
        9.035762465380001,
        8.999244927380001,
        9.055197680380001,
        9.06456671738,
        9.12117627438,
        9.00351045738,
        9.10257854238,
        9.05593311338,
        9.00346261838
      ],
      "exit_codes": [
        0,
        0,
        0,
        0,
        0,
        0,
        0,
        0,
        0,
        0,
        0,
        0,
        0,
        0,
        0,
        0,
        0,
        0,
        0,
        0,
        0,
        0,
        0,
        0,
        0,
        0,
        0,
        0,
        0,
        0,
        0,
        0,
        0,
        0,
        0,
        0,
        0,
        0,
        0,
        0,
        0,
        0,
        0,
        0,
        0,
        0,
        0,
        0,
        0,
        0,
        0,
        0,
        0,
        0,
        0,
        0,
        0,
        0,
        0,
        0,
        0,
        0,
        0,
        0,
        0,
        0,
        0,
        0,
        0,
        0,
        0,
        0,
        0,
        0,
        0,
        0,
        0,
        0,
        0,
        0,
        0,
        0,
        0,
        0,
        0,
        0,
        0,
        0,
        0,
        0,
        0,
        0,
        0,
        0,
        0,
        0,
        0,
        0,
        0,
        0
      ]
    }
  ]
}
