{
  "results": [
    {
      "command": "/root/npb/NPB3.4-OMP/bin/cg.C.x",
      "mean": 10.305288739140002,
      "stddev": 0.04700098340278171,
      "median": 10.306443411,
      "user": 655.3174020499997,
      "system": 0.9764163299999999,
      "min": 10.1795044065,
      "max": 10.4481126955,
      "times": [
        10.4136593495,
        10.3305390295,
        10.2915780145,
        10.302749244500001,
        10.3270347045,
        10.3203587755,
        10.3394013585,
        10.3179217465,
        10.3682812015,
        10.3338212335,
        10.3991629875,
        10.2991385675,
        10.3060223415,
        10.3533764555,
        10.3056239905,
        10.3548276125,
        10.3094323875,
        10.3068644805,
        10.3311150725,
        10.3001420275,
        10.3409786115,
        10.3494573545,
        10.4481126955,
        10.4398426265,
        10.3088569775,
        10.344847465500001,
        10.3286694185,
        10.3274051105,
        10.3079761495,
        10.3370647545,
        10.2856029855,
        10.4028841965,
        10.3320374105,
        10.3071024455,
        10.3649916975,
        10.2721362835,
        10.3317324895,
        10.2763610945,
        10.3345108105,
        10.3236892175,
        10.3284686205,
        10.3165526535,
        10.2054120285,
        10.3231542555,
        10.3494968535,
        10.3053744035,
        10.2703770455,
        10.285988358500001,
        10.3366398475,
        10.378208646500001,
        10.2880668555,
        10.266946518500001,
        10.3370860075,
        10.2589273815,
        10.2967671055,
        10.2914645515,
        10.349575593500001,
        10.3375167995,
        10.2355245415,
        10.3099745625,
        10.1795044065,
        10.3196923275,
        10.3223821015,
        10.2506197895,
        10.3256856415,
        10.2859682245,
        10.3054620005,
        10.2759109125,
        10.2804255555,
        10.282786574500001,
        10.2429523355,
        10.3004838115,
        10.3413343655,
        10.2939572225,
        10.2682009205,
        10.3347293075,
        10.2496364925,
        10.3123981125,
        10.2362458575,
        10.2488401815,
        10.2316710125,
        10.3235204755,
        10.2721488775,
        10.255873276500001,
        10.3586447835,
        10.2933869435,
        10.2497084265,
        10.2461326135,
        10.2404187465,
        10.2815838845,
        10.2790474295,
        10.2354777025,
        10.2402869095,
        10.215416599500001,
        10.2670301005,
        10.2901529945,
        10.3268638595,
        10.2727684215,
        10.2780416685,
        10.2666500415
      ],
      "exit_codes": [
        0,
        0,
        0,
        0,
        0,
        0,
        0,
        0,
        0,
        0,
        0,
        0,
        0,
        0,
        0,
        0,
        0,
        0,
        0,
        0,
        0,
        0,
        0,
        0,
        0,
        0,
        0,
        0,
        0,
        0,
        0,
        0,
        0,
        0,
        0,
        0,
        0,
        0,
        0,
        0,
        0,
        0,
        0,
        0,
        0,
        0,
        0,
        0,
        0,
        0,
        0,
        0,
        0,
        0,
        0,
        0,
        0,
        0,
        0,
        0,
        0,
        0,
        0,
        0,
        0,
        0,
        0,
        0,
        0,
        0,
        0,
        0,
        0,
        0,
        0,
        0,
        0,
        0,
        0,
        0,
        0,
        0,
        0,
        0,
        0,
        0,
        0,
        0,
        0,
        0,
        0,
        0,
        0,
        0,
        0,
        0,
        0,
        0,
        0,
        0
      ]
    }
  ]
}
