{
  "results": [
    {
      "command": "/root/npb/NPB3.4-OMP/bin/cg.C.x",
      "mean": 8.80022371404,
      "stddev": 0.0523593023148648,
      "median": 8.80009421602,
      "user": 554.5939135699998,
      "system": 2.2951544999999998,
      "min": 8.63984245702,
      "max": 8.95116263302,
      "times": [
        8.63984245702,
        8.68989298302,
        8.70338597702,
        8.68968581302,
        8.73230397602,
        8.75529203302,
        8.73016845802,
        8.700702250019999,
        8.78233862802,
        8.85904624302,
        8.75781834002,
        8.80013561702,
        8.84752698802,
        8.82768003902,
        8.95116263302,
        8.75147621502,
        8.75137429002,
        8.79776228702,
        8.749133005020001,
        8.77969663602,
        8.83377751702,
        8.82549136402,
        8.80918577302,
        8.75474355002,
        8.75503238802,
        8.78897811102,
        8.83159124502,
        8.89665542702,
        8.78664308402,
        8.76396603902,
        8.75377600402,
        8.86280031302,
        8.76014653402,
        8.73895274502,
        8.821968353019999,
        8.75121184702,
        8.87446793502,
        8.90291695502,
        8.88955523002,
        8.81442058302,
        8.75388073202,
        8.827187693019999,
        8.89682680502,
        8.79821238702,
        8.79991005302,
        8.80005281502,
        8.797836201019999,
        8.78981450302,
        8.89638810502,
        8.84103336802,
        8.81225649002,
        8.77643591402,
        8.77149373302,
        8.79509247202,
        8.80798517002,
        8.82687456402,
        8.74592841002,
        8.81423017602,
        8.80309880802,
        8.80950995902,
        8.80047445702,
        8.787614058019999,
        8.79438922302,
        8.77595220802,
        8.80865774802,
        8.81499203202,
        8.84906130002,
        8.79054759602,
        8.84542302502,
        8.85961863502,
        8.74749178102,
        8.84123714902,
        8.83542159702,
        8.88061877902,
        8.83065436202,
        8.80365194802,
        8.80140292902,
        8.79704023302,
        8.80378129702,
        8.75352296502,
        8.76367034802,
        8.77078831402,
        8.73618932202,
        8.82288639902,
        8.81523410002,
        8.80261185802,
        8.94638378202,
        8.80150574302,
        8.79761476102,
        8.74939562902,
        8.81948571002,
        8.77604063802,
        8.85478562102,
        8.81704485802,
        8.81441163202,
        8.77432262802,
        8.87000118502,
        8.78497947902,
        8.78821616302,
        8.81849568702
      ],
      "exit_codes": [
        0,
        0,
        0,
        0,
        0,
        0,
        0,
        0,
        0,
        0,
        0,
        0,
        0,
        0,
        0,
        0,
        0,
        0,
        0,
        0,
        0,
        0,
        0,
        0,
        0,
        0,
        0,
        0,
        0,
        0,
        0,
        0,
        0,
        0,
        0,
        0,
        0,
        0,
        0,
        0,
        0,
        0,
        0,
        0,
        0,
        0,
        0,
        0,
        0,
        0,
        0,
        0,
        0,
        0,
        0,
        0,
        0,
        0,
        0,
        0,
        0,
        0,
        0,
        0,
        0,
        0,
        0,
        0,
        0,
        0,
        0,
        0,
        0,
        0,
        0,
        0,
        0,
        0,
        0,
        0,
        0,
        0,
        0,
        0,
        0,
        0,
        0,
        0,
        0,
        0,
        0,
        0,
        0,
        0,
        0,
        0,
        0,
        0,
        0,
        0
      ]
    }
  ]
}
