{
  "results": [
    {
      "command": "/root/npb/NPB3.4-OMP/bin/mg.D.x",
      "mean": 34.22252945895001,
      "stddev": 0.27031639440906274,
      "median": 34.3002607504,
      "user": 4335.1505458,
      "system": 29.545416940000003,
      "min": 33.6999557529,
      "max": 34.6301409689,
      "times": [
        34.5998349789,
        34.0317506599,
        34.356421324900005,
        34.3208690119,
        34.6301409689,
        33.9837541269,
        34.0081049119,
        34.3438921199,
        33.9394490999,
        34.4874656179,
        34.3582180969,
        34.2796524889,
        33.9190001109,
        33.9776251579,
        34.5917295139,
        34.4939572509,
        33.9828094019,
        34.3523767749,
        34.0935818089,
        33.6999557529
      ],
      "exit_codes": [
        0,
        0,
        0,
        0,
        0,
        0,
        0,
        0,
        0,
        0,
        0,
        0,
        0,
        0,
        0,
        0,
        0,
        0,
        0,
        0
      ]
    }
  ]
}
