{
  "results": [
    {
      "command": "/root/npb/NPB3.4-OMP/bin/bt.B.x",
      "mean": 4.239499985200001,
      "stddev": 0.04449799962494221,
      "median": 4.23200063114,
      "user": 538.43436568,
      "system": 1.3806210200000002,
      "min": 4.1271571926399995,
      "max": 4.3955539106399995,
      "times": [
        4.1271571926399995,
        4.25628586364,
        4.21384080264,
        4.22596015464,
        4.21925635764,
        4.225093848639999,
        4.21905395364,
        4.22547327364,
        4.22895766064,
        4.20043011464,
        4.23246970364,
        4.28207968164,
        4.27365148264,
        4.22951035664,
        4.29744124664,
        4.26836233464,
        4.218571143639999,
        4.237398380639999,
        4.28662305664,
        4.207330725639999,
        4.227317450639999,
        4.22315166664,
        4.233710010639999,
        4.22742875264,
        4.26116151064,
        4.3955539106399995,
        4.26807420064,
        4.26858961764,
        4.13840199464,
        4.26441716064,
        4.29377203564,
        4.23439394164,
        4.22560837864,
        4.22667440364,
        4.2315315586399995,
        4.23426705164,
        4.27707174564,
        4.22542371264,
        4.331654493639999,
        4.25839151864,
        4.12938076864,
        4.21923034764,
        4.24709829764,
        4.23516416564,
        4.220964963639999,
        4.29038888064,
        4.2292216066399995,
        4.2509148546399995,
        4.197352286639999,
        4.2337406376399995
      ],
      "exit_codes": [
        0,
        0,
        0,
        0,
        0,
        0,
        0,
        0,
        0,
        0,
        0,
        0,
        0,
        0,
        0,
        0,
        0,
        0,
        0,
        0,
        0,
        0,
        0,
        0,
        0,
        0,
        0,
        0,
        0,
        0,
        0,
        0,
        0,
        0,
        0,
        0,
        0,
        0,
        0,
        0,
        0,
        0,
        0,
        0,
        0,
        0,
        0,
        0,
        0,
        0
      ]
    }
  ]
}
