{
  "results": [
    {
      "command": "/root/npb/NPB3.4-OMP/bin/bt.B.x",
      "mean": 4.803373970260001,
      "stddev": 0.20003854227187964,
      "median": 4.73138760018,
      "user": 610.7537860199998,
      "system": 1.1041114199999997,
      "min": 4.63544694768,
      "max": 5.7777475456800005,
      "times": [
        4.831971555680001,
        4.84670482768,
        4.7470877296800005,
        4.9159285956800005,
        4.66379739468,
        4.7199292466800005,
        4.72676285268,
        4.774888997680001,
        4.67109633968,
        4.71058798868,
        4.641604072680001,
        4.69889285068,
        5.00408373768,
        4.73341033368,
        4.702152471680001,
        4.848332545680001,
        4.63948920668,
        4.91525771668,
        4.64207621468,
        4.72896138068,
        5.08912620368,
        4.648193608680001,
        4.743940866680001,
        5.037561230680001,
        4.719530998680001,
        4.75250161068,
        5.16415040568,
        4.65543307468,
        4.8859908046800005,
        4.75634036968,
        5.7777475456800005,
        4.7346003876800005,
        4.929053872680001,
        4.825914191680001,
        4.64446747868,
        4.75267457268,
        4.79254303368,
        4.722027064680001,
        5.305807958680001,
        4.695416191680001,
        4.63544694768,
        4.714755609680001,
        4.94239172268,
        4.83094768668,
        4.72058381368,
        4.714041813680001,
        4.72891598268,
        4.72936486668,
        4.66694403468,
        4.68926850368
      ],
      "exit_codes": [
        0,
        0,
        0,
        0,
        0,
        0,
        0,
        0,
        0,
        0,
        0,
        0,
        0,
        0,
        0,
        0,
        0,
        0,
        0,
        0,
        0,
        0,
        0,
        0,
        0,
        0,
        0,
        0,
        0,
        0,
        0,
        0,
        0,
        0,
        0,
        0,
        0,
        0,
        0,
        0,
        0,
        0,
        0,
        0,
        0,
        0,
        0,
        0,
        0,
        0
      ]
    }
  ]
}
