{
  "results": [
    {
      "command": "/root/npb/NPB3.4-OMP/bin/cg.B.x",
      "mean": 1.4719495179400002,
      "stddev": 0.05801354523243838,
      "median": 1.4801130122800001,
      "user": 183.9820093199999,
      "system": 1.30316788,
      "min": 1.3556403937800001,
      "max": 1.6295294217800003,
      "times": [
        1.47582833778,
        1.41092838178,
        1.5768441457800002,
        1.4908964157800002,
        1.50916518678,
        1.48691975678,
        1.5076223287800001,
        1.4379437867800002,
        1.49766412778,
        1.4335310027800001,
        1.40737379278,
        1.48781543978,
        1.39930269478,
        1.43796847978,
        1.47555091378,
        1.4348393647800002,
        1.5204724707800001,
        1.4492069837800001,
        1.50304073178,
        1.4498369207800001,
        1.48284235278,
        1.59599417278,
        1.52080854278,
        1.38178269478,
        1.5890824247800002,
        1.4808930907800002,
        1.4898518127800002,
        1.49877558578,
        1.4484425007800001,
        1.39927690978,
        1.5187547527800003,
        1.44431912978,
        1.48034226878,
        1.4970827427800002,
        1.54170609178,
        1.37749006378,
        1.48566351078,
        1.44363850778,
        1.44402294278,
        1.6295294217800003,
        1.4467206107800001,
        1.45702317478,
        1.4508039007800002,
        1.4967084667800001,
        1.5428531287800002,
        1.4265662007800002,
        1.5226459297800001,
        1.43694287578,
        1.49910340778,
        1.3779136707800002,
        1.48755149278,
        1.5034634827800002,
        1.41511908078,
        1.5585529267800002,
        1.4419347767800001,
        1.5094357817800002,
        1.5364491017800002,
        1.4653490827800002,
        1.37079230878,
        1.5534737957800002,
        1.42548001478,
        1.4827394037800001,
        1.5625676157800001,
        1.48077190478,
        1.5120652387800002,
        1.53426735978,
        1.41560950978,
        1.48204750678,
        1.50086225178,
        1.4283019027800001,
        1.5414412987800001,
        1.42831568778,
        1.3980267617800002,
        1.40154899378,
        1.53605736778,
        1.49927077978,
        1.53807185678,
        1.39491129878,
        1.3556403937800001,
        1.48314867778,
        1.4210731147800002,
        1.57276399878,
        1.3846362357800002,
        1.58238081278,
        1.4118940727800002,
        1.41374680578,
        1.50589057878,
        1.55966576178,
        1.39755852078,
        1.3612386277800002,
        1.4198396017800001,
        1.44215659978,
        1.4555918247800002,
        1.46488859078,
        1.43564905278,
        1.48596887078,
        1.38995232378,
        1.4798837557800002,
        1.47497383478,
        1.49159900178
      ],
      "exit_codes": [
        0,
        0,
        0,
        0,
        0,
        0,
        0,
        0,
        0,
        0,
        0,
        0,
        0,
        0,
        0,
        0,
        0,
        0,
        0,
        0,
        0,
        0,
        0,
        0,
        0,
        0,
        0,
        0,
        0,
        0,
        0,
        0,
        0,
        0,
        0,
        0,
        0,
        0,
        0,
        0,
        0,
        0,
        0,
        0,
        0,
        0,
        0,
        0,
        0,
        0,
        0,
        0,
        0,
        0,
        0,
        0,
        0,
        0,
        0,
        0,
        0,
        0,
        0,
        0,
        0,
        0,
        0,
        0,
        0,
        0,
        0,
        0,
        0,
        0,
        0,
        0,
        0,
        0,
        0,
        0,
        0,
        0,
        0,
        0,
        0,
        0,
        0,
        0,
        0,
        0,
        0,
        0,
        0,
        0,
        0,
        0,
        0,
        0,
        0,
        0
      ]
    }
  ]
}
