{
  "results": [
    {
      "command": "/root/npb/NPB3.4-OMP/bin/cg.B.x",
      "mean": 1.4694041956100008,
      "stddev": 0.05975601447900618,
      "median": 1.4750626805800002,
      "user": 183.70747177999993,
      "system": 1.30555427,
      "min": 1.3491154525800002,
      "max": 1.6623814755800002,
      "times": [
        1.48357755158,
        1.48712186358,
        1.37988267558,
        1.4740428275800002,
        1.37492161158,
        1.47822277758,
        1.36959540458,
        1.39323726458,
        1.41295038558,
        1.42917863058,
        1.4993858935800002,
        1.4492153415800002,
        1.5008698775800002,
        1.42491061258,
        1.4974091095800002,
        1.48054793158,
        1.38772025458,
        1.4906541395800001,
        1.4054748695800001,
        1.4962470195800002,
        1.59897190858,
        1.5463527215800001,
        1.36223583158,
        1.44413209658,
        1.6623814755800002,
        1.58937069958,
        1.4599480365800002,
        1.40247190158,
        1.5426689345800002,
        1.4536280025800001,
        1.50798402558,
        1.49031197758,
        1.39846914358,
        1.42736029058,
        1.4822430235800002,
        1.3557247215800001,
        1.5353441405800001,
        1.47016729058,
        1.52245934458,
        1.36061637558,
        1.4078253985800002,
        1.5430130615800002,
        1.3491154525800002,
        1.5645217145800001,
        1.4898662925800001,
        1.4598271315800002,
        1.44638376858,
        1.47877745658,
        1.48094660658,
        1.5149671885800002,
        1.5248891555800002,
        1.4328854745800002,
        1.54693176258,
        1.4639675705800002,
        1.4945167625800002,
        1.39938218658,
        1.40994836058,
        1.4633835165800002,
        1.47835015558,
        1.4627830915800002,
        1.42345216158,
        1.4976446845800002,
        1.4021447955800002,
        1.45560167758,
        1.4482391645800001,
        1.56772877758,
        1.49250761458,
        1.58908901758,
        1.4546697085800002,
        1.4416973965800002,
        1.38124973958,
        1.47989626258,
        1.55715159458,
        1.46464053058,
        1.54126393858,
        1.5681409695800002,
        1.48900645658,
        1.47298848158,
        1.41003820258,
        1.47976232758,
        1.46599419658,
        1.4100883055800002,
        1.4517127275800001,
        1.4122933425800002,
        1.5106237805800002,
        1.5453554305800001,
        1.50289182458,
        1.48765038858,
        1.46048355958,
        1.5049244885800002,
        1.50184406058,
        1.49893527758,
        1.47608253358,
        1.41211238858,
        1.4704890135800002,
        1.3724230185800002,
        1.4164339435800002,
        1.50180778058,
        1.48163088258,
        1.4994390205800001
      ],
      "exit_codes": [
        0,
        0,
        0,
        0,
        0,
        0,
        0,
        0,
        0,
        0,
        0,
        0,
        0,
        0,
        0,
        0,
        0,
        0,
        0,
        0,
        0,
        0,
        0,
        0,
        0,
        0,
        0,
        0,
        0,
        0,
        0,
        0,
        0,
        0,
        0,
        0,
        0,
        0,
        0,
        0,
        0,
        0,
        0,
        0,
        0,
        0,
        0,
        0,
        0,
        0,
        0,
        0,
        0,
        0,
        0,
        0,
        0,
        0,
        0,
        0,
        0,
        0,
        0,
        0,
        0,
        0,
        0,
        0,
        0,
        0,
        0,
        0,
        0,
        0,
        0,
        0,
        0,
        0,
        0,
        0,
        0,
        0,
        0,
        0,
        0,
        0,
        0,
        0,
        0,
        0,
        0,
        0,
        0,
        0,
        0,
        0,
        0,
        0,
        0,
        0
      ]
    }
  ]
}
