{
  "results": [
    {
      "command": "/root/npb/NPB3.4-OMP/bin/sp.C.x",
      "mean": 21.32854809946,
      "stddev": 1.1733631003837912,
      "median": 20.70783659296,
      "user": 2721.55821694,
      "system": 4.94863957,
      "min": 20.17519900696,
      "max": 24.70717587396,
      "times": [
        20.35478029196,
        22.43462416396,
        20.51393104096,
        22.28814534196,
        20.62585117196,
        20.404198430959998,
        20.57831638696,
        20.22030060796,
        21.33399480996,
        22.33449476896,
        20.72976309096,
        21.42368821196,
        20.43891836996,
        22.29725913296,
        21.97402398296,
        20.17519900696,
        20.40675270396,
        22.643634504959998,
        20.68591009496,
        24.70717587396
      ],
      "exit_codes": [
        0,
        0,
        0,
        0,
        0,
        0,
        0,
        0,
        0,
        0,
        0,
        0,
        0,
        0,
        0,
        0,
        0,
        0,
        0,
        0
      ]
    }
  ]
}
