{
  "results": [
    {
      "command": "/root/npb/NPB3.4-OMP/bin/cg.B.x",
      "mean": 1.4822722918300002,
      "stddev": 0.06532512355095631,
      "median": 1.4811406213999998,
      "user": 185.39393031000003,
      "system": 1.37557105,
      "min": 1.3512375684,
      "max": 1.6527349594,
      "times": [
        1.5021303994,
        1.6099725614,
        1.4775877784,
        1.5258881384,
        1.4271358934,
        1.5811678174,
        1.5313902674,
        1.4552660774,
        1.4932560304,
        1.4479077814,
        1.4172099484,
        1.6122369664,
        1.4490461914,
        1.5311495724,
        1.4468478434,
        1.4757068914,
        1.4149371743999999,
        1.4400523154,
        1.4443890484,
        1.3879117894,
        1.4292856924,
        1.4073996283999999,
        1.5753583474,
        1.5072625344000001,
        1.6150831133999999,
        1.5114655824,
        1.3955482954,
        1.4587516024,
        1.5636753034,
        1.4846228554,
        1.4654955444,
        1.3919329243999998,
        1.4109934283999999,
        1.4619566324,
        1.4195336094,
        1.3938223054,
        1.4661462003999999,
        1.5683804924,
        1.3512375684,
        1.4160775904,
        1.4749268134,
        1.4877089614,
        1.5082291094,
        1.4502628994,
        1.5274592954,
        1.4781810324,
        1.5275070324,
        1.5303922514,
        1.4356941984,
        1.4043108384,
        1.5009661834,
        1.3601016704,
        1.3938970994,
        1.6202929884000001,
        1.6527349594,
        1.5524093774,
        1.4459989614,
        1.3919894903999999,
        1.3710523894,
        1.4369568124,
        1.5625486043999999,
        1.4542318844,
        1.4836529644,
        1.3748543744,
        1.4651267184,
        1.4816832724,
        1.4361268724,
        1.5082965674,
        1.4918347494,
        1.5347904114,
        1.5326166144,
        1.4209553663999999,
        1.4963500054,
        1.5849670063999999,
        1.4544511843999999,
        1.5429438454,
        1.4963610404,
        1.5928853154,
        1.4805979703999999,
        1.4298413034,
        1.4267206464,
        1.5235511894,
        1.5386559044,
        1.4928601324,
        1.5653539053999999,
        1.5296704634,
        1.3690434504,
        1.3801817164,
        1.5523848673999998,
        1.5218120474,
        1.5334431784,
        1.5157100693999999,
        1.4510194284,
        1.4885561433999999,
        1.4722450364,
        1.4876452784,
        1.4546069853999999,
        1.4972027304,
        1.5316762534000001,
        1.5534815844
      ],
      "exit_codes": [
        0,
        0,
        0,
        0,
        0,
        0,
        0,
        0,
        0,
        0,
        0,
        0,
        0,
        0,
        0,
        0,
        0,
        0,
        0,
        0,
        0,
        0,
        0,
        0,
        0,
        0,
        0,
        0,
        0,
        0,
        0,
        0,
        0,
        0,
        0,
        0,
        0,
        0,
        0,
        0,
        0,
        0,
        0,
        0,
        0,
        0,
        0,
        0,
        0,
        0,
        0,
        0,
        0,
        0,
        0,
        0,
        0,
        0,
        0,
        0,
        0,
        0,
        0,
        0,
        0,
        0,
        0,
        0,
        0,
        0,
        0,
        0,
        0,
        0,
        0,
        0,
        0,
        0,
        0,
        0,
        0,
        0,
        0,
        0,
        0,
        0,
        0,
        0,
        0,
        0,
        0,
        0,
        0,
        0,
        0,
        0,
        0,
        0,
        0,
        0
      ]
    }
  ]
}
