{
  "results": [
    {
      "command": "/root/npb/NPB3.4-OMP/bin/cg.C.x",
      "mean": 10.972613932333331,
      "stddev": 0.5434558264141882,
      "median": 10.94431000188,
      "user": 690.9326418933339,
      "system": 0.7545638433333332,
      "min": 9.662917909879999,
      "max": 12.97392002588,
      "times": [
        9.987106687879999,
        10.30329281788,
        11.11105027388,
        10.61520461288,
        11.083966773879999,
        12.47383528888,
        10.63201655488,
        10.829603690879999,
        11.04132249488,
        10.92706142088,
        10.935906962879999,
        10.50380330188,
        10.71064530188,
        10.908522721879999,
        11.26583646188,
        10.51238360288,
        10.395595667879999,
        11.707151674879999,
        10.78075077988,
        11.10726518788,
        11.177385122879999,
        11.696839468879999,
        11.591977545879999,
        10.914055360879999,
        11.75587792188,
        11.118980984879999,
        10.50461560688,
        10.93367891388,
        11.306108180879999,
        11.11690949088,
        10.813083296879999,
        10.952986505879998,
        11.91603945288,
        11.402879685879999,
        11.907038394879999,
        11.67431380888,
        11.38647413388,
        10.96304683488,
        11.125204025879999,
        11.146545179879999,
        11.46461804288,
        11.362377841879999,
        11.84875649788,
        11.29345328388,
        11.30408933088,
        10.95336250488,
        10.35976510888,
        11.126171873879999,
        10.52641173488,
        10.66219995088,
        10.675502716879999,
        11.061937302879999,
        10.58541856288,
        12.23540065888,
        11.048986506879999,
        10.73255524088,
        10.87313495188,
        10.95767107088,
        11.064227791879999,
        11.014631611879999,
        10.919473391879999,
        10.72756690888,
        10.21224233988,
        11.168084671879999,
        11.528061055879999,
        10.731976399879999,
        11.71592170788,
        11.64730832988,
        10.98762494288,
        11.24802619688,
        10.79055221388,
        10.86051146288,
        11.17592008588,
        11.69234914988,
        11.238013884879999,
        11.851042633879999,
        11.46078614488,
        10.44478605088,
        10.64387455388,
        11.38323474588,
        10.87538661488,
        11.02468924788,
        10.60309454188,
        11.383854896879999,
        10.48411176888,
        10.86972191188,
        10.79308523988,
        11.303965933879999,
        11.48372739988,
        11.975377479879999,
        10.772699913879999,
        10.61118398388,
        10.83602800588,
        10.963580215879999,
        10.808174747879999,
        11.11491512288,
        10.83650533488,
        10.74437139188,
        12.827997328879999,
        10.786391975879999,
        10.868119435879999,
        11.164613657879999,
        12.05707886488,
        11.104560425879999,
        11.041104405879999,
        11.11373557888,
        10.41757751288,
        10.62712605688,
        10.497999238879999,
        11.06598006688,
        11.19120673488,
        11.032700951879999,
        10.908357175879999,
        11.40430022088,
        12.36529347688,
        10.32839390088,
        11.38289448088,
        10.97823359988,
        12.97392002588,
        11.060561996879999,
        11.06488759488,
        11.165514821879999,
        11.33827049588,
        11.37943168288,
        11.59614341288,
        11.44021758888,
        11.44886437988,
        11.302043208879999,
        10.96993208688,
        10.02027974788,
        11.06692679988,
        10.62141562588,
        11.157022741879999,
        10.81100705888,
        11.22601544288,
        11.01329586388,
        10.87325103588,
        11.204164193879999,
        10.593504417879998,
        10.64779486188,
        10.79332772388,
        11.33870413188,
        11.18361444588,
        10.811210362879999,
        11.06814646188,
        10.748783157879998,
        11.27229894288,
        10.472845481879999,
        11.162931641879998,
        12.199251110879999,
        10.83291845688,
        10.70321099688,
        10.51215302188,
        10.95153733588,
        11.32731350888,
        10.972973673879999,
        11.68970559188,
        10.15842219288,
        11.24917794688,
        10.85532694088,
        10.766409832879999,
        11.34818364988,
        11.69227136388,
        10.77291687488,
        11.471638450879999,
        11.03586511488,
        11.47490216788,
        9.873640348879999,
        10.99835340788,
        11.274483302879998,
        11.80454831588,
        10.60525511188,
        11.72845031588,
        11.17872013888,
        12.901392916879999,
        11.743516311879999,
        10.705358065879999,
        10.989227524879999,
        10.905053533879999,
        9.88277820588,
        10.301464592879999,
        10.82438165788,
        10.230329827879999,
        11.89612682188,
        11.03994488988,
        10.43529624588,
        11.04418028988,
        10.91522501988,
        10.48360583988,
        11.43942925288,
        11.09974763488,
        10.96183715088,
        11.51868383488,
        10.578698596879999,
        10.84195584488,
        10.85665110788,
        10.71333483788,
        10.540434570879999,
        10.89902846788,
        11.44404618388,
        10.75182136188,
        10.445478737879998,
        10.845275556879999,
        10.82981158288,
        10.374597976879999,
        11.19330310388,
        10.95708045688,
        11.482080244879999,
        11.25969350588,
        11.898354291879999,
        10.58287497288,
        10.48760935088,
        10.085013109879998,
        10.390492774879998,
        10.64223283788,
        9.93816785388,
        10.86325951988,
        10.72197443288,
        10.77171867788,
        10.359916844879999,
        10.58711762388,
        10.17142446688,
        10.639532750879999,
        11.61551465188,
        11.664057674879999,
        10.60070665688,
        10.389867577879999,
        11.22866139788,
        10.261419737879999,
        11.15010714788,
        10.13211852888,
        10.97058306088,
        10.932093712879999,
        10.53401535888,
        10.48181970588,
        10.15646820088,
        10.341990404879999,
        9.662917909879999,
        9.946218282879999,
        10.72595107688,
        11.66420049988,
        10.77451337888,
        10.956319365879999,
        11.098680738879999,
        10.515946680879999,
        10.47799450188,
        11.31408739588,
        10.235736036879999,
        10.95925839588,
        10.50693697088,
        11.124780079879999,
        11.48987204288,
        10.87845272788,
        10.962386622879999,
        10.280182782879999,
        10.812136667879999,
        9.86646180588,
        10.638001981879999,
        10.28744066488,
        9.74487451888,
        9.873305458879999,
        10.63467257588,
        10.35545537288,
        10.62598759588,
        10.58453702288,
        9.87812374888,
        9.920874592879999,
        10.94177224988,
        10.37343969288,
        10.51396578088,
        12.08604460688,
        10.937353332879999,
        11.176122831879999,
        10.485612549879999,
        10.83438545488,
        10.93958434188,
        10.28485436688,
        11.26902554288,
        10.86079423188,
        10.435129008879999,
        10.64649263088,
        11.40342725188,
        11.197004955879999,
        11.19924347788,
        11.243489178879999,
        10.44904551188,
        10.94684775388,
        10.76226158888,
        11.355074199879999,
        10.517615978879999,
        10.41204373488,
        11.024578568879999,
        12.846580746879999,
        11.11290377188,
        11.30431146788,
        10.61797354388,
        11.207226172879999,
        12.606089363879999,
        10.36726433488,
        11.93384177488
      ],