{
  "results": [
    {
      "command": "/root/npb/NPB3.4-OMP/bin/cg.C.x",
      "mean": 11.038029956506652,
      "stddev": 0.5597848073332626,
      "median": 11.017809891079999,
      "user": 694.9053129699998,
      "system": 1.1114398666666663,
      "min": 9.20449437458,
      "max": 13.40372137058,
      "times": [
        11.94745609958,
        11.42778026858,
        10.267183275579999,
        11.44724146758,
        10.97094544758,
        11.27002530658,
        10.63171246758,
        11.17607943058,
        11.23152933958,
        10.24638877958,
        11.38266298958,
        11.49760342558,
        11.070047556579999,
        10.35300133458,
        12.97175400858,
        11.10807696458,
        11.491126445579999,
        11.02054996858,
        11.37339539758,
        11.01616182958,
        11.15721839358,
        12.17455049858,
        11.28027216258,
        11.18350851858,
        13.40372137058,
        11.04700612558,
        11.33793143158,
        11.08960055958,
        10.66264526558,
        11.24654142158,
        11.569509950579999,
        11.40367589658,
        10.507084125579999,
        11.59837684058,
        10.67372987358,
        11.64280543158,
        11.449503500579999,
        10.59367090458,
        11.73911465958,
        10.62571435158,
        10.880499732579999,
        10.180494033579999,
        11.04932535158,
        10.00244287858,
        10.47587364258,
        10.92091570058,
        10.92278928358,
        11.08449261458,
        10.79474929758,
        11.545130087579999,
        11.590132990579999,
        11.48823470958,
        10.19922879058,
        11.679181377579999,
        10.64035101358,
        10.795746487579999,
        10.380559547579999,
        10.795640086579999,
        10.82704358058,
        11.558588821579999,
        11.38176368758,
        10.69086056358,
        11.05046098958,
        11.532694274579999,
        11.12909730658,
        10.62687125858,
        11.71440865858,
        11.25616932758,
        10.68692670958,
        11.007505653579999,
        11.17245317458,
        11.08623607058,
        10.89709771558,
        10.69680790258,
        10.93322587758,
        10.948144083579999,
        11.75811235558,
        11.33952143258,
        10.74551060358,
        10.36359916158,
        10.09786975458,
        10.86299325558,
        10.89938649558,
        10.89272622358,
        10.336677740579999,
        11.150145712579999,
        11.01629489358,
        10.921791044579999,
        11.32297092658,
        10.884983285579999,
        10.65179313058,
        11.183390620579999,
        11.579277446579999,
        12.129284458579999,
        10.544456754579999,
        12.44231628058,
        10.76074303658,
        11.07633892458,
        10.63517497558,
        11.22758071058,
        12.39120327958,
        10.98601263558,
        11.265606155579999,
        10.457974199579999,
        10.52564747058,
        11.21691651258,
        11.115002128579999,
        10.62589159058,
        10.284011056579999,
        10.829221711579999,
        10.43248660458,
        10.666193844579999,
        10.88385400758,
        10.80217609158,
        10.586475095579999,
        10.72022030358,
        11.05139139958,
        11.16170535258,
        11.818566110579999,
        12.021910029579999,
        10.43005998858,
        10.99800930058,
        10.992570346579999,
        10.500329772579999,
        10.89633681958,
        10.92818019358,
        12.39233692358,
        11.608091606579999,
        10.24662817458,
        10.96932914358,
        11.22119819758,
        10.918480668579999,
        10.93826333658,
        11.74256006558,
        11.68962068558,
        11.43388868658,
        11.13520909058,
        11.07479964058,
        10.880770370579999,
        11.16408284258,
        10.966828185579999,
        11.17319463458,
        10.63760054358,
        10.769682380579999,
        10.51070439158,
        11.470094807579999,
        10.09792072458,
        10.76638001858,
        11.35368524758,
        11.63542184558,
        12.07005125858,
        11.40882516158,
        11.42506591658,
        10.64462998158,
        10.66759649758,
        12.377616630579999,
        10.998084820579999,
        11.655806478579999,
        10.86924925758,
        10.252375062579999,
        11.18623579658,
        11.27628188558,
        11.15221449958,
        11.46039950958,
        11.47679113858,
        10.88898682458,
        11.401440407579999,
        11.85047892758,
        10.67947506458,
        11.232310004579999,
        11.66085583558,
        10.76321157858,
        11.35686217358,
        11.22093629158,
        10.766640042579999,
        11.66598183258,
        10.996386443579999,
        11.86587850158,
        10.686923349579999,
        10.58932350458,
        11.02512737158,
        10.88951424758,
        10.26247211058,
        10.985593460579999,
        10.99925294258,
        11.04277696158,
        10.783538824579999,
        11.03408684658,
        11.25201735758,
        11.84055140358,
        11.03068319958,
        11.177059438579999,
        10.633597998579999,
        12.783782518579999,
        11.55053527758,
        10.403926264579999,
        10.30227723158,
        11.03716905658,
        11.57914887758,
        11.62193451458,
        11.13083452558,
        10.65763946658,
        11.12594886358,
        10.852247947579999,
        11.414468357579999,
        10.472102528579999,
        10.351033231579999,
        11.27435038658,
        10.85494445258,
        10.43352613858,
        12.99678071058,
        11.268328884579999,
        11.47998183058,
        11.169986373579999,
        10.65599659958,
        11.584797843579999,
        11.26530566958,
        11.14447668858,
        10.74810782458,
        10.96752157958,
        10.80874794258,
        11.05344942158,
        11.046929042579999,
        10.49566499058,
        10.88010045858,
        10.85364802658,
        10.31098335658,
        11.57640669358,
        10.52609577458,
        10.85595012358,
        10.74229118658,
        10.65088436958,
        9.49165674258,
        10.84358639958,
        11.00200111158,
        11.16340567558,
        10.87629754458,
        10.998070391579999,
        11.089199943579999,
        11.41980544558,
        10.031821557579999,
        10.853262316579999,
        10.69098294358,
        11.22775310258,
        10.79456544658,
        11.39751960558,
        10.82040026458,
        11.761931858579999,
        10.968188894579999,
        11.45314805858,
        10.44898203258,
        10.42944313058,
        11.081669442579999,
        11.142942271579999,
        10.78203516758,
        10.41756568858,
        11.59425962258,
        11.31454387858,
        11.32341597958,
        10.34632031358,
        11.01932488858,
        11.09697799658,
        9.20449437458,
        11.14375617058,
        10.69396213758,
        10.64353156458,
        11.40944488858,
        11.645530683579999,
        10.51119547558,
        10.81093456758,
        10.64511573758,
        11.162689581579999,
        10.61698720958,
        11.62201127358,
        11.031534364579999,
        10.598804356579999,
        10.39892987058,
        10.91731240958,
        10.46392639858,
        11.05596925858,
        10.30493564158,
        11.03307059358,
        11.02180254658,
        11.09905787458,
        11.55289441658,
        11.161391542579999,
        11.03561731058,
        11.25600829658,
        10.33912305258,
        11.33217289658,
        13.14335976458,
        9.472392466579999,
        9.248821939579999,
        10.95109765358,
        10.483462658579999,
        9.82772100058,
        10.77536131858,
        10.66092946158,
        10.60960834258,
        12.09474845158
      ],