{
  "results": [
    {
      "command": "/root/npb/NPB3.4-OMP/bin/cg.C.x",
      "mean": 10.749567159820009,
      "stddev": 0.48398883824602235,
      "median": 10.71259879222,
      "user": 674.5850228033335,
      "system": 1.2773632033333338,
      "min": 9.32883452372,
      "max": 14.02277686172,
      "times": [
        10.49051091172,
        10.09057904672,
        10.56199926872,
        11.08202276872,
        10.31259314872,
        10.75034148072,
        10.70442669472,
        10.49451720472,
        10.89252361772,
        11.06825091872,
        11.04759193772,
        10.58080720572,
        10.61199791872,
        10.90235695972,
        10.62105767972,
        10.98943861372,
        10.97859184472,
        11.32704915772,
        10.42169119772,
        11.36162104272,
        10.65289175472,
        10.73597946372,
        10.68884550272,
        10.07165290872,
        11.42352785072,
        10.67789815872,
        11.02706756072,
        10.45187757472,
        11.37294545072,
        10.31146870472,
        10.46963167172,
        10.84505098672,
        11.65863224672,
        10.70029598672,
        11.68539114272,
        10.83539614272,
        10.30928990572,
        10.21498133972,
        9.98542165572,
        10.44550673072,
        10.79274638072,
        10.99426496172,
        9.518786392720001,
        10.62469201572,
        10.47237934272,
        11.59520313372,
        10.97161491572,
        10.24872290772,
        11.22688565872,
        11.18063631072,
        10.09421937572,
        10.61508460972,
        10.16107898772,
        10.18774947472,
        10.54614208272,
        10.97170160372,
        11.26421683072,
        10.76849700872,
        14.02277686172,
        10.94585254272,
        10.90256257772,
        11.07470085572,
        10.72115021972,
        11.07325306372,
        10.88268788672,
        11.18374928672,
        10.98583585972,
        10.28742217272,
        10.77429777172,
        11.27848156172,
        10.42940089372,
        10.61558479672,
        10.46779117172,
        10.48049748172,
        10.50141980072,
        11.17567710172,
        10.54087834472,
        10.62880657472,
        10.44618783972,
        10.92036640472,
        11.63630648872,
        10.22632077772,
        10.90785776272,
        9.60787245172,
        10.24942949772,
        10.34092686572,
        10.74546538972,
        10.70713236572,
        10.50729983372,
        10.46451100772,
        10.69453834872,
        10.83823849772,
        10.84844084672,
        10.45355635572,
        10.71806521872,
        11.03973209372,
        11.040734949720001,
        11.40766240372,
        10.69655059872,
        11.17478630872,
        11.13697862172,
        10.96091412572,
        10.05977238372,
        10.63487734172,
        9.70442884472,
        10.94715057572,
        9.95766083672,
        11.13250054272,
        10.60588047772,
        11.09398322772,
        11.22756438072,
        10.03321089472,
        11.22314173272,
        10.78147912372,
        10.53733212572,
        10.46405424072,
        10.53527691672,
        12.18295666872,
        10.28180204772,
        11.04443342372,
        10.44643515772,
        10.77346233172,
        10.70370952072,
        10.65312310572,
        10.60115435272,
        10.89973648172,
        11.08257443072,
        10.703426029720001,
        11.05013644672,
        11.21053920772,
        10.66903424372,
        10.54694332372,
        11.06664996772,
        10.66075595072,
        10.440175891720001,
        10.61056292972,
        9.97577555572,
        9.87985693972,
        11.23362445572,
        11.22697055672,
        11.10128074072,
        10.73253190672,
        10.36430568172,
        10.59650123272,
        11.30255428372,
        10.33814853972,
        11.34831766372,
        10.99786005172,
        10.92467539572,
        10.71922312672,
        10.44917827372,
        10.07876176272,
        10.26043054672,
        10.49361352972,
        11.22386618472,
        10.66286254772,
        10.88600650172,
        10.12820268472,
        12.21015116572,
        10.68828846572,
        11.34322585172,
        10.96679769472,
        10.69039664272,
        10.29454632172,
        10.99816903472,
        10.74827310772,
        11.68925746572,
        10.60794746272,
        10.66332314872,
        10.78118600872,
        10.72001514172,
        10.91347308272,
        10.97575584972,
        11.14087730372,
        10.79427948972,
        10.83314191672,
        10.66235335472,
        10.94112706172,
        11.39118079072,
        10.02289384472,
        12.36764399072,
        9.98941260672,
        10.186752866720001,
        10.13888842772,
        10.69906367372,
        10.82100557372,
        10.45081410872,
        10.39026448472,
        10.93896743572,
        11.56609521372,
        11.03096653272,
        11.54484835972,
        10.61359434372,
        11.26214738072,
        10.33028230472,
        9.95411705572,
        10.36059313072,
        11.01577056072,
        10.63276755072,
        10.350872174720001,
        10.72438130872,
        10.89458792872,
        10.85564445472,
        10.41415157872,
        10.29031934372,
        11.52551389772,
        10.74584884172,
        10.77128987172,
        10.09972611772,
        10.84155957872,
        10.94407616872,
        10.64047085172,
        10.55366303372,
        10.64653723872,
        10.20369277872,
        10.76519175072,
        10.02534808972,
        10.41339851872,
        11.40099016872,
        10.74317537872,
        10.73418967772,
        11.31460051772,
        10.92183018272,
        11.021542545720001,
        11.26877678672,
        11.24583095172,
        10.63959569672,
        12.06866190472,
        11.30179320172,
        11.91653401372,
        10.23673562172,
        10.82857661972,
        10.63063113072,
        10.64872827872,
        10.73062076572,
        10.52863343672,
        10.97414749172,
        10.681584108720001,
        10.56752089472,
        10.47734899372,
        9.32883452372,
        10.47303204772,
        10.92503325172,
        10.84773311972,
        10.53959655772,
        10.57760409672,
        10.82898855772,
        11.21758276172,
        10.74601760772,
        10.84237228972,
        11.17069396772,
        10.73896066372,
        10.54864473472,
        10.55030625672,
        10.02762946272,
        10.47555356572,
        11.35543100672,
        10.21727131372,
        10.62336232172,
        11.19578918672,
        10.23512894372,
        10.64477681272,
        11.08820957872,
        10.40266992872,
        9.63543630572,
        10.67873234472,
        10.803592525720001,
        10.49606988572,
        10.37250415672,
        11.42772563672,
        10.929431900720001,
        11.38860357272,
        10.73419024072,
        10.40700885972,
        10.13836922272,
        10.31650258472,
        10.53711725772,
        10.32289973972,
        11.10568978972,
        10.48687171672,
        10.81640227872,
        10.89137730072,
        10.65637147872,
        10.31695607472,
        11.36572287572,
        10.39691881572,
        10.10857716772,
        9.98510959772,
        11.22727838472,
        10.62119969072,
        11.28251831772,
        10.90999016272,
        10.86488505872,
        10.94196440472,
        10.21019448472,
        10.85570501672,
        10.64951670472,
        11.205056688720001,
        10.56689625472,
        10.33504262772
      ],