{
  "results": [
    {
      "command": "/root/npb/NPB3.4-OMP/bin/cg.C.x",
      "mean": 10.48982138066667,
      "stddev": 0.08838129752170375,
      "median": 10.490110047040002,
      "user": 666.3807608933331,
      "system": 1.0331088666666666,
      "min": 10.28238820454,
      "max": 10.83804910854,
      "times": [
        10.391256182540001,
        10.50695450954,
        10.468524738540001,
        10.43583540154,
        10.473747621540001,
        10.42165454254,
        10.402698200540001,
        10.52425804854,
        10.477465288540001,
        10.545483623540001,
        10.56198949354,
        10.50475394054,
        10.49654059454,
        10.65167726954,
        10.471497948540001,
        10.435172794540001,
        10.42355364354,
        10.474676936540002,
        10.376570308540002,
        10.52781353654,
        10.299800149540001,
        10.447975044540001,
        10.59275304654,
        10.41072170154,
        10.50486881854,
        10.42292450054,
        10.29310025254,
        10.597263699540001,
        10.49341333854,
        10.560223265540001,
        10.474515661540002,
        10.67069323654,
        10.44356739454,
        10.584255780540001,
        10.733086038540002,
        10.531972983540001,
        10.42650826054,
        10.535726806540001,
        10.516022791540001,
        10.445117687540002,
        10.49297896154,
        10.403587336540001,
        10.52362535354,
        10.387388298540001,
        10.440793450540001,
        10.474095954540001,
        10.46506506154,
        10.455704349540001,
        10.630022608540001,
        10.457750366540001,
        10.67194978254,
        10.45260743254,
        10.510994167540002,
        10.40796559254,
        10.457800694540001,
        10.40842580754,
        10.37381438154,
        10.34316227254,
        10.50980642654,
        10.53204043354,
        10.40460916554,
        10.28238820454,
        10.34085313954,
        10.445028499540001,
        10.38377030754,
        10.45788864754,
        10.51644626554,
        10.51601578954,
        10.44562446654,
        10.49944294354,
        10.586602066540001,
        10.60391493554,
        10.54314497354,
        10.533727519540001,
        10.48017331454,
        10.56489974854,
        10.599032756540002,
        10.45019956554,
        10.544208255540001,
        10.58083336354,
        10.48805132654,
        10.632317309540001,
        10.55509030054,
        10.55811715954,
        10.605514665540001,
        10.539675889540002,
        10.77843886754,
        10.37242438254,
        10.323715100540001,
        10.55598796654,
        10.457081886540001,
        10.61673650054,
        10.491652438540001,
        10.54558491154,
        10.328909990540001,
        10.49171357454,
        10.46498392754,
        10.57989701054,
        10.458904011540001,
        10.35807087154,
        10.346662248540001,
        10.44654972254,
        10.48704094354,
        10.46252827254,
        10.489309782540001,
        10.36567118954,
        10.49091031154,
        10.47952997254,
        10.61122413054,
        10.60232040954,
        10.66339634054,
        10.556334745540001,
        10.58724355054,
        10.56021494554,
        10.445325593540002,
        10.467793415540001,
        10.55335223654,
        10.47499854754,
        10.61836948054,
        10.83804910854,
        10.44460370354,
        10.47349382154,
        10.45763172654,
        10.431339025540002,
        10.38033686254,
        10.49822378754,
        10.53183546754,
        10.45712966954,
        10.58304983054,
        10.528461877540002,
        10.517479102540001,
        10.420592241540001,
        10.54857989854,
        10.45845558054,
        10.351048499540001,
        10.43507275154,
        10.37583000254,
        10.54977115354,
        10.416039340540001,
        10.497301611540001,
        10.391665232540001,
        10.319358258540001,
        10.45485732154,
        10.39396657454,
        10.429169662540001,
        10.46023882054,
        10.44719607254,
        10.36452231154,
        10.480146018540001,
        10.50730632954,
        10.70723031354,
        10.49619079454,
        10.54575339354,
        10.54069086854,
        10.502528534540001,
        10.474132157540001,
        10.52854510154,
        10.58646349654,
        10.528573336540001,
        10.55298088654,
        10.52967829654,
        10.414978643540001,
        10.412656268540001,
        10.40021090854,
        10.518586458540002,
        10.475485132540001,
        10.526927872540002,
        10.592730150540001,
        10.53283199254,
        10.46763550454,
        10.577028939540002,
        10.55936674654,
        10.60189209554,
        10.40601681154,
        10.376310654540001,
        10.46432609654,
        10.35311564554,
        10.549034135540001,
        10.472025487540002,
        10.38298167754,
        10.32148044354,
        10.625339658540002,
        10.33160733054,
        10.290703374540001,
        10.35006843454,
        10.431338288540001,
        10.402729819540001,
        10.46516196954,
        10.50835858654,
        10.42439701854,
        10.458053216540002,
        10.639665952540001,
        10.671200846540001,
        10.524341081540001,
        10.56231154654,
        10.597187556540002,
        10.573332692540001,
        10.514286977540001,
        10.421206769540001,
        10.507143347540001,
        10.51401241654,
        10.40991473054,
        10.60905949654,
        10.563439846540001,
        10.59294482454,
        10.48583268954,
        10.644480941540001,
        10.44175516654,
        10.43531840954,
        10.40695702654,
        10.45554274454,
        10.47185808054,
        10.40719665954,
        10.46107178854,
        10.58130278754,
        10.33372894554,
        10.563090650540001,
        10.51273830154,
        10.37938437154,
        10.44068927554,
        10.541334797540001,
        10.33588982054,
        10.569202004540001,
        10.29518271054,
        10.36043373354,
        10.464114994540001,
        10.39913136754,
        10.52200674654,
        10.330216310540001,
        10.40317172754,
        10.390875125540001,
        10.567923201540001,
        10.41726909654,
        10.645395047540001,
        10.50989723754,
        10.54781236054,
        10.531001016540001,
        10.57498541554,
        10.56100429654,
        10.551175797540001,
        10.530876495540001,
        10.45132905154,
        10.53014332154,
        10.50934036954,
        10.52887111154,
        10.51848944754,
        10.573704690540001,
        10.474308112540001,
        10.485791094540001,
        10.502754884540002,
        10.50314221054,
        10.51628249654,
        10.58423438854,
        10.47581709354,
        10.414409264540001,
        10.579707885540001,
        10.34779174854,
        10.503603791540002,
        10.628356551540001,
        10.41785204654,
        10.449726510540001,
        10.36094844954,
        10.50292482454,
        10.392101252540002,
        10.44165023354,
        10.429804718540002,
        10.433742953540001,
        10.54948218854,
        10.497386284540001,
        10.449784837540001,
        10.42281423654,
        10.42878445654,
        10.411493016540001,
        10.444117354540001,
        10.67756129754,
        10.566076820540001,
        10.57279376554,
        10.527631842540002,
        10.54529848854,
        10.429317321540001,
        10.53146543054,
        10.57736661254,
        10.517590875540002,
        10.380676791540001,
        10.623038280540001,
        10.544911395540002,
        10.61088421954,
        10.56788785254,
        10.45651983554,
        10.49096886254,
        10.47133432554,
        10.585816858540001,
        10.588618488540002,
        10.51121921554,
        10.549727242540001,
        10.43282520254,
        10.32283016154,
        10.45067464054,
        10.55656332554,
