{
  "results": [
    {
      "command": "/root/npb/NPB3.4-OMP/bin/sp.C.x",
      "mean": 12.35177730496,
      "stddev": 0.06191393358774125,
      "median": 12.34061838306,
      "user": 1575.71137549,
      "system": 2.3660947699999992,
      "min": 12.27578768606,
      "max": 12.49799195406,
      "times": [
        12.293149035059999,
        12.391872769059999,
        12.41806999306,
        12.31484800306,
        12.45044203406,
        12.32348178206,
        12.33277547506,
        12.37963651106,
        12.49799195406,
        12.404768769059999,
        12.366605393059999,
        12.35889186206,
        12.34846129106,
        12.282749124059999,
        12.28878878806,
        12.27578768606,
        12.40570264306,
        12.32030860906,
        12.291069541059999,
        12.29014483606
      ],
      "exit_codes": [
        0,
        0,
        0,
        0,
        0,
        0,
        0,
        0,
        0,
        0,
        0,
        0,
        0,
        0,
        0,
        0,
        0,
        0,
        0,
        0
      ]
    }
  ]
}
