{
  "results": [
    {
      "command": "/root/npb/NPB3.4-OMP/bin/cg.B.x",
      "mean": 1.9344052611600002,
      "stddev": 0.22921019080244026,
      "median": 1.90280465334,
      "user": 243.24717672999992,
      "system": 1.42379253,
      "min": 1.7973977368400003,
      "max": 4.015762727839999,
      "times": [
        1.88607357684,
        1.8050161938400002,
        1.8591070758400001,
        1.9980318728400002,
        1.94374647084,
        1.85247524084,
        1.8182990868400002,
        1.9197290068400001,
        1.88627804784,
        1.94467126284,
        1.8250445748400002,
        1.80312103284,
        1.82405337484,
        1.8934795758400003,
        2.06489754184,
        1.92272041184,
        1.9032846248400002,
        1.94509727384,
        1.84066702984,
        1.83950158284,
        1.91532282984,
        1.84406960384,
        1.8184333058400002,
        1.9844295998400001,
        1.83883503184,
        1.8383026738400001,
        1.9359053398400001,
        1.86429592484,
        2.12458288384,
        1.8564341458400002,
        1.91905295884,
        1.90112167884,
        1.9421143998400001,
        1.91558103084,
        4.015762727839999,
        1.81309999084,
        1.9035447098400002,
        1.9298173578400002,
        1.9403803168400002,
        1.9416837178400002,
        2.10751363284,
        1.96381208184,
        1.9439996428400002,
        1.91321029284,
        1.9217374788400001,
        1.9791112278400003,
        1.9249700128400002,
        1.8439870148400002,
        1.8845246448400002,
        1.8915771068400002,
        1.9335749028400002,
        1.8769813878400001,
        1.90698761284,
        1.8575581468400002,
        1.8621526148400003,
        1.8627684318400002,
        1.8530315868400002,
        1.91988407284,
        1.92410768384,
        1.88592284384,
        1.8722296848400002,
        2.02706889184,
        1.83128232184,
        1.9023246818400001,
        1.8046561368400003,
        1.8037596958400002,
        2.02208099984,
        1.9207512688400001,
        1.85359622884,
        1.84064682784,
        2.26016082784,
        1.86862705884,
        2.28552967684,
        1.8309573608400003,
        1.80533931984,
        2.19858312884,
        1.8760852378400001,
        1.88678253284,
        2.06936857384,
        1.91815938484,
        1.96627461184,
        1.83738715284,
        1.83065115484,
        1.96749695184,
        1.8291528298400002,
        2.05925192884,
        1.83372577484,
        1.88769859184,
        1.94869905984,
        2.05482948184,
        1.8633118558400001,
        1.8335976738400002,
        2.00124817984,
        1.95809173484,
        1.8857952448400002,
        1.95766325584,
        1.9075505988400001,
        1.7973977368400003,
        1.94411273484,
        1.92312221284
      ],
      "exit_codes": [
        0,
        0,
        0,
        0,
        0,
        0,
        0,
        0,
        0,
        0,
        0,
        0,
        0,
        0,
        0,
        0,
        0,
        0,
        0,
        0,
        0,
        0,
        0,
        0,
        0,
        0,
        0,
        0,
        0,
        0,
        0,
        0,
        0,
        0,
        0,
        0,
        0,
        0,
        0,
        0,
        0,
        0,
        0,
        0,
        0,
        0,
        0,
        0,
        0,
        0,
        0,
        0,
        0,
        0,
        0,
        0,
        0,
        0,
        0,
        0,
        0,
        0,
        0,
        0,
        0,
        0,
        0,
        0,
        0,
        0,
        0,
        0,
        0,
        0,
        0,
        0,
        0,
        0,
        0,
        0,
        0,
        0,
        0,
        0,
        0,
        0,
        0,
        0,
        0,
        0,
        0,
        0,
        0,
        0,
        0,
        0,
        0,
        0,
        0,
        0
      ]
    }
  ]
}
