{
  "results": [
    {
      "command": "/root/npb/NPB3.4-OMP/bin/mg.D.x",
      "mean": 34.65490375065001,
      "stddev": 0.03212630147478495,
      "median": 34.6494458681,
      "user": 4390.55224973,
      "system": 29.428354349999996,
      "min": 34.604873439100004,
      "max": 34.7257360001,
      "times": [
        34.6398132041,
        34.673867573100004,
        34.6559187871,
        34.709851210100005,
        34.634662298100004,
        34.6337420671,
        34.666254057100005,
        34.6775542161,
        34.6429729491,
        34.6198955691,
        34.659776927100005,
        34.7014233911,
        34.664570762100006,
        34.626450267100005,
        34.604873439100004,
        34.640874635100005,
        34.6731640921,
        34.6227716931,
        34.7257360001,
        34.6239018751
      ],
      "exit_codes": [
        0,
        0,
        0,
        0,
        0,
        0,
        0,
        0,
        0,
        0,
        0,
        0,
        0,
        0,
        0,
        0,
        0,
        0,
        0,
        0
      ]
    }
  ]
}
