{
  "results": [
    {
      "command": "nb-disabled-sockets",
      "mean": 15.342669652519998,
      "stddev": 0.09312481551605738,
      "median": 15.33625883122,
      "user": 976.5908775133333,
      "system": 1.4189384333333332,
      "min": 15.14315696622,
      "max": 15.51496904822,
      "times": [
        15.51399501222,
        15.39648325522,
        15.39067087522,
        15.333607623219999,
        15.37702805122,
        15.285964461219999,
        15.20271221722,
        15.35101557922,
        15.27612722522,
        15.40919786122,
        15.275320643219999,
        15.43422556422,
        15.18198544422,
        15.33891003922,
        15.42508195922,
        15.35018090122,
        15.33323832022,
        15.269975731219999,
        15.47156100322,
        15.47033557122,
        15.31648720422,
        15.29352659922,
        15.39576466322,
        15.41421745722,
        15.31539561022,
        15.51496904822,
        15.29578099922,
        15.25063262022,
        15.25254106922,
        15.14315696622
      ],
      "exit_codes": [
        0,
        0,
        0,
        0,
        0,
        0,
        0,
        0,
        0,
        0,
        0,
        0,
        0,
        0,
        0,
        0,
        0,
        0,
        0,
        0,
        0,
        0,
        0,
        0,
        0,
        0,
        0,
        0,
        0,
        0
      ]
    }
  ]
}
