{
  "results": [
    {
      "command": "nb-disabled-sockorder",
      "mean": 15.242890647146664,
      "stddev": 0.07254250162844801,
      "median": 15.23713470768,
      "user": 970.3250825266665,
      "system": 1.3594972066666664,
      "min": 15.13257249818,
      "max": 15.48797535518,
      "times": [
        15.48797535518,
        15.27004797418,
        15.19999951018,
        15.24203059918,
        15.29753435518,
        15.25240424618,
        15.13257249818,
        15.14553745418,
        15.18798091618,
        15.32436415018,
        15.35749229218,
        15.23051131918,
        15.27230982018,
        15.21087268218,
        15.23223881618,
        15.18640551418,
        15.24466310318,
        15.21624175618,
        15.27286147718,
        15.25831597618,
        15.27794239918,
        15.21032973918,
        15.28002385518,
        15.29374663118,
        15.16638910318,
        15.23023237818,
        15.13646741118,
        15.15014901218,
        15.29496132218,
        15.22411774718
      ],
      "exit_codes": [
        0,
        0,
        0,
        0,
        0,
        0,
        0,
        0,
        0,
        0,
        0,
        0,
        0,
        0,
        0,
        0,
        0,
        0,
        0,
        0,
        0,
        0,
        0,
        0,
        0,
        0,
        0,
        0,
        0,
        0
      ]
    }
  ]
}
