{
  "results": [
    {
      "command": "nb-disabled-none",
      "mean": 16.859738843226662,
      "stddev": 0.18463073406259822,
      "median": 16.84020777926,
      "user": 1073.5321634466666,
      "system": 1.3993649866666666,
      "min": 16.56207258576,
      "max": 17.25813495076,
      "times": [
        17.20680213476,
        16.56391788276,
        16.98461284676,
        16.862562956759998,
        17.25813495076,
        16.72148168876,
        16.742558634759998,
        16.81785260176,
        16.63920935276,
        16.63771479576,
        17.16699429276,
        16.87627419776,
        17.00225613676,
        16.90342866376,
        16.952863785759998,
        17.02740627176,
        16.56207258576,
        16.69731128276,
        16.741835769759998,
        16.96507885776,
        16.78592061376,
        16.70919104476,
        16.81337368876,
        16.99839813276,
        16.807856689759998,
        16.95608626176,
        16.93008613076,
        16.815464548759998,
        16.58929024076,
        17.05612825476
      ],
      "exit_codes": [
        0,
        0,
        0,
        0,
        0,
        0,
        0,
        0,
        0,
        0,
        0,
        0,
        0,
        0,
        0,
        0,
        0,
        0,
        0,
        0,
        0,
        0,
        0,
        0,
        0,
        0,
        0,
        0,
        0,
        0
      ]
    }
  ]
}
