{
  "results": [
    {
      "command": "nb-disabled-sequential",
      "mean": 17.00310403400666,
      "stddev": 0.11276029893583275,
      "median": 16.98984526044,
      "user": 1082.5641587466669,
      "system": 1.492252146666666,
      "min": 16.84700108394,
      "max": 17.24301879794,
      "times": [
        16.86795505394,
        16.91626213294,
        16.84798943594,
        16.89766420394,
        17.00440306894,
        17.14803234094,
        17.01202039394,
        17.04484021494,
        16.95181338694,
        17.04848253994,
        16.88837217394,
        16.915800502939998,
        16.91624648394,
        17.189133233939998,
        17.15435302094,
        16.96329468394,
        16.88560062894,
        17.18279342894,
        16.98690781394,
        16.84700108394,
        17.17926763694,
        17.08529316194,
        17.24301879794,
        17.06836590794,
        17.04155160294,
        17.04163780394,
        16.94167923494,
        16.92601331594,
        16.90454502294,
        16.992782706939998
      ],
      "exit_codes": [
        0,
        0,
        0,
        0,
        0,
        0,
        0,
        0,
        0,
        0,
        0,
        0,
        0,
        0,
        0,
        0,
        0,
        0,
        0,
        0,
        0,
        0,
        0,
        0,
        0,
        0,
        0,
        0,
        0,
        0
      ]
    }
  ]
}
