{
  "results": [
    {
      "command": "nb-enabled-sockorder",
      "mean": 14.856693095913334,
      "stddev": 0.21252970936559443,
      "median": 14.846096606580002,
      "user": 944.76774588,
      "system": 1.4972389400000001,
      "min": 14.43845242758,
      "max": 15.46888910958,
      "times": [
        14.43845242758,
        14.56553052258,
        14.74932391458,
        14.52075121258,
        14.82919355358,
        14.91199765858,
        14.63166018758,
        15.46888910958,
        14.67644008258,
        15.16763563858,
        14.80911632558,
        14.79493981658,
        14.92392500758,
        14.76062981958,
        14.93580003058,
        14.58340083458,
        15.10826103758,
        14.71802520258,
        14.95955846058,
        15.03010497658,
        14.79888167158,
        15.18471678858,
        14.84190581958,
        14.92967417858,
        14.84171918358,
        15.00569101658,
        14.86345282358,
        14.85028739358,
        14.88258960858,
        14.91823857358
      ],
      "exit_codes": [
        0,
        0,
        0,
        0,
        0,
        0,
        0,
        0,
        0,
        0,
        0,
        0,
        0,
        0,
        0,
        0,
        0,
        0,
        0,
        0,
        0,
        0,
        0,
        0,
        0,
        0,
        0,
        0,
        0,
        0
      ]
    }
  ]
}
