{
  "results": [
    {
      "command": "nb-enabled-none",
      "mean": 17.108718312753332,
      "stddev": 0.4777757613735355,
      "median": 17.023927077019998,
      "user": 1088.6573255200003,
      "system": 1.6592476866666666,
      "min": 16.319030957520003,
      "max": 18.395161392520002,
      "times": [
        16.730949420520002,
        17.05151035452,
        16.50897033952,
        17.65154202552,
        16.319030957520003,
        17.02612090852,
        18.166274692520002,
        17.252154357520002,
        16.92851706152,
        17.094189240520002,
        17.067802793520002,
        16.57183952352,
        18.00231016752,
        16.91839036252,
        16.80053139952,
        16.93534057552,
        16.97800680952,
        17.13965292352,
        17.23909219652,
        16.756321331520002,
        18.395161392520002,
        17.290483044520002,
        16.99952157352,
        16.539892519520002,
        17.43225086352,
        17.53800415452,
        17.35440397752,
        17.02173324552,
        16.719139430520002,
        16.83241173952
      ],
      "exit_codes": [
        0,
        0,
        0,
        0,
        0,
        0,
        0,
        0,
        0,
        0,
        0,
        0,
        0,
        0,
        0,
        0,
        0,
        0,
        0,
        0,
        0,
        0,
        0,
        0,
        0,
        0,
        0,
        0,
        0,
        0
      ]
    }
  ]
}
