{
  "results": [
    {
      "command": "nb-enabled-sockets",
      "mean": 14.904927151459999,
      "stddev": 0.1720717050017667,
      "median": 14.880345599759998,
      "user": 948.45688788,
      "system": 1.466147713333333,
      "min": 14.709253535759998,
      "max": 15.380134410759998,
      "times": [
        14.806146263759999,
        14.881729887759999,
        15.037648829759998,
        15.013940613759999,
        14.72418643376,
        15.04325908876,
        14.71356116876,
        14.94064763576,
        15.380134410759998,
        14.836209199759999,
        14.939520735759999,
        14.769702424759998,
        14.73703350676,
        14.722664482759999,
        15.110713581759999,
        14.82221111276,
        14.925248309759999,
        14.74652368276,
        14.91594885176,
        15.06945971776,
        14.709253535759998,
        14.794229074759999,
        14.77258002176,
        14.75516414276,
        14.93132798976,
        14.94883431476,
        14.79011645376,
        15.125859931759999,
        15.30499782776,
        14.87896131176
      ],
      "exit_codes": [
        0,
        0,
        0,
        0,
        0,
        0,
        0,
        0,
        0,
        0,
        0,
        0,
        0,
        0,
        0,
        0,
        0,
        0,
        0,
        0,
        0,
        0,
        0,
        0,
        0,
        0,
        0,
        0,
        0,
        0
      ]
    }
  ]
}
