{
  "results": [
    {
      "command": "nb-enabled-sequential",
      "mean": 16.658779681586665,
      "stddev": 0.18585385297369883,
      "median": 16.67997977222,
      "user": 1060.3041335,
      "system": 1.6375941199999995,
      "min": 16.25890754422,
      "max": 17.03042678122,
      "times": [
        16.581841991220003,
        16.73646116722,
        16.50680712022,
        16.53857989022,
        16.36612206622,
        16.61739859722,
        16.79303879922,
        16.985575213220002,
        16.50087848922,
        16.74318631422,
        16.813454345220002,
        16.65525614022,
        16.459358197220002,
        16.42242909622,
        16.79182648522,
        16.78548611822,
        16.752099633220002,
        16.64593066422,
        16.81169833822,
        16.53579586922,
        16.76477119322,
        16.25890754422,
        16.57532464522,
        17.03042678122,
        16.84175193822,
        16.86096465222,
        16.32840635822,
        16.726120154220002,
        16.62878924122,
        16.70470340422
      ],
      "exit_codes": [
        0,
        0,
        0,
        0,
        0,
        0,
        0,
        0,
        0,
        0,
        0,
        0,
        0,
        0,
        0,
        0,
        0,
        0,
        0,
        0,
        0,
        0,
        0,
        0,
        0,
        0,
        0,
        0,
        0,
        0
      ]
    }
  ]
}
