{
  "results": [
    {
      "command": "/root/npb/NPB3.4-OMP/bin/cg.C.x",
      "mean": 5.976162337420002,
      "stddev": 0.08956069874938237,
      "median": 5.96057136594,
      "user": 756.0325931599999,
      "system": 1.5241063600000002,
      "min": 5.7821364414400005,
      "max": 6.21466228344,
      "times": [
        6.08561448944,
        5.954702081440001,
        6.067323919440001,
        5.8982753394400005,
        5.993560851440001,
        6.034537712440001,
        6.181856363440001,
        6.020267700440001,
        5.93351451844,
        5.9440458114400005,
        5.90086016444,
        6.03715338844,
        5.994661267440001,
        5.878739166440001,
        5.9396070744400005,
        5.90614048744,
        6.15602329144,
        6.0821436574400005,
        5.91962362644,
        6.0191700714400005,
        5.7821364414400005,
        6.09138178344,
        5.80530239544,
        5.95418793144,
        5.9737744384400004,
        5.98731468144,
        5.86336083444,
        5.82370070144,
        5.988300956440001,
        5.97942301744,
        5.961028375440001,
        5.952735764440001,
        5.9137575054400005,
        5.982226859440001,
        5.96011435644,
        5.958536795440001,
        6.06069562444,
        5.93100054844,
        6.0365058754400005,
        5.9126899034400004,
        6.21466228344,
        6.0984653174400005,
        6.02758160744,
        5.9596452304400005,
        5.88493436444,
        5.95423635744,
        5.90028176744,
        6.03580630044,
        5.98694433244,
        5.87956353744
      ],
      "exit_codes": [
        0,
        0,
        0,
        0,
        0,
        0,
        0,
        0,
        0,
        0,
        0,
        0,
        0,
        0,
        0,
        0,
        0,
        0,
        0,
        0,
        0,
        0,
        0,
        0,
        0,
        0,
        0,
        0,
        0,
        0,
        0,
        0,
        0,
        0,
        0,
        0,
        0,
        0,
        0,
        0,
        0,
        0,
        0,
        0,
        0,
        0,
        0,
        0,
        0,
        0
      ]
    }
  ]
}
