{
  "results": [
    {
      "command": "/root/npb/NPB3.4-OMP/bin/bt.B.x",
      "mean": 4.147286215,
      "stddev": 0.034405934613468525,
      "median": 4.15062855014,
      "user": 526.3617938799999,
      "system": 1.64789164,
      "min": 4.0466179246400005,
      "max": 4.2353946246400005,
      "times": [
        4.09732105864,
        4.104072861640001,
        4.151498360640001,
        4.06368462964,
        4.13467106564,
        4.1225036606400005,
        4.10117210964,
        4.0466179246400005,
        4.13708291764,
        4.12577103964,
        4.19603620964,
        4.13049541364,
        4.12766409664,
        4.17959228864,
        4.14259715164,
        4.12424877564,
        4.14251820464,
        4.17074202964,
        4.14043480564,
        4.1677919256400004,
        4.14640064664,
        4.151944658640001,
        4.14963552464,
        4.18846800164,
        4.164757578640001,
        4.12776444364,
        4.16901013864,
        4.06115611564,
        4.152912032640001,
        4.14975873964,
        4.15479171264,
        4.2353946246400005,
        4.16547666864,
        4.1540810416400005,
        4.15831320964,
        4.139885935640001,
        4.155174085640001,
        4.13878948464,
        4.1492662866400005,
        4.15800144864,
        4.21824346264,
        4.169088421640001,
        4.16212654964,
        4.17027696564,
        4.17048333764,
        4.1590872046400005,
        4.1602445796400005,
        4.183099088640001,
        4.14630875764,
        4.147853473640001
      ],
      "exit_codes": [
        0,
        0,
        0,
        0,
        0,
        0,
        0,
        0,
        0,
        0,
        0,
        0,
        0,
        0,
        0,
        0,
        0,
        0,
        0,
        0,
        0,
        0,
        0,
        0,
        0,
        0,
        0,
        0,
        0,
        0,
        0,
        0,
        0,
        0,
        0,
        0,
        0,
        0,
        0,
        0,
        0,
        0,
        0,
        0,
        0,
        0,
        0,
        0,
        0,
        0
      ]
    }
  ]
}
