{
  "results": [
    {
      "command": "/root/npb/NPB3.4-OMP/bin/cg.C.x",
      "mean": 7.40411449318,
      "stddev": 0.13810941710654262,
      "median": 7.407402358500001,
      "user": 939.7057374,
      "system": 1.4863315800000003,
      "min": 7.124052161000001,
      "max": 7.711447057000001,
      "times": [
        7.497846664000001,
        7.154172851,
        7.327154395000001,
        7.366714889000001,
        7.455797700000001,
        7.340719676000001,
        7.339398770000001,
        7.615522481,
        7.4436681810000005,
        7.370010851000001,
        7.124052161000001,
        7.482788627000001,
        7.484994662,
        7.457216818000001,
        7.2390778760000005,
        7.172788972,
        7.324397887000001,
        7.461806427000001,
        7.51086468,
        7.194741543,
        7.287521264,
        7.245285327,
        7.277336763,
        7.311306049000001,
        7.413863124000001,
        7.273962376,
        7.6624476370000005,
        7.481803724000001,
        7.64468672,
        7.418255660000001,
        7.349369083000001,
        7.469904961,
        7.399474936000001,
        7.5999722080000005,
        7.266875658,
        7.457102883,
        7.496387032,
        7.4153296200000005,
        7.689351457000001,
        7.391670987,
        7.352908192,
        7.615410078,
        7.241490757,
        7.400941593000001,
        7.426089511000001,
        7.438369539000001,
        7.389003022000001,
        7.443100511000001,
        7.2713208190000005,
        7.711447057000001
      ],
      "exit_codes": [
        0,
        0,
        0,
        0,
        0,
        0,
        0,
        0,
        0,
        0,
        0,
        0,
        0,
        0,
        0,
        0,
        0,
        0,
        0,
        0,
        0,
        0,
        0,
        0,
        0,
        0,
        0,
        0,
        0,
        0,
        0,
        0,
        0,
        0,
        0,
        0,
        0,
        0,
        0,
        0,
        0,
        0,
        0,
        0,
        0,
        0,
        0,
        0,
        0,
        0
      ]
    }
  ]
}
