{
  "results": [
    {
      "command": "nb-disabled-none",
      "mean": 28.83028869010001,
      "stddev": 1.1996347188056402,
      "median": 28.998043751700003,
      "user": 1840.0003441599997,
      "system": 1.6585553400000006,
      "min": 26.3726421552,
      "max": 31.3101030322,
      "times": [
        29.364186329200002,
        30.137229916200003,
        28.2587140862,
        27.0432070112,
        31.0038132132,
        27.2770216432,
        27.9949908882,
        29.4790997142,
        28.751340813200002,
        29.8593091322,
        29.8209338302,
        27.9518686422,
        26.3726421552,
        27.2593414522,
        29.414424755200002,
        31.3101030322,
        28.7504123712,
        28.9776666982,
        29.365350334200002,
        27.7642459172,
        29.0352312572,
        28.9241227252,
        29.405063996200003,
        30.306298099200003,
        29.088732493200002,
        28.741032928200003,
        29.0184208052,
        26.7724951322,
        27.7889491982,
        29.6724121332
      ],
      "exit_codes": [
        0,
        0,
        0,
        0,
        0,
        0,
        0,
        0,
        0,
        0,
        0,
        0,
        0,
        0,
        0,
        0,
        0,
        0,
        0,
        0,
        0,
        0,
        0,
        0,
        0,
        0,
        0,
        0,
        0,
        0
      ]
    }
  ]
}
