{
  "results": [
    {
      "command": "nb-disabled-sockorder",
      "mean": 24.599812847339994,
      "stddev": 0.4660146069005612,
      "median": 24.37695153764,
      "user": 1568.7580168999993,
      "system": 1.3831468599999999,
      "min": 24.02828216064,
      "max": 26.04472827464,
      "times": [
        24.77502676664,
        24.21909726664,
        24.83902903864,
        26.04472827464,
        25.164055181640002,
        24.50726830364,
        24.14998238364,
        24.82065410464,
        24.66475121864,
        25.27957271364,
        24.02828216064,
        24.89737783264,
        25.03907402364,
        24.17774000964,
        24.32807084964,
        25.21539631064,
        24.24323293064,
        24.256919110640002,
        25.35615562064,
        24.22660532264,
        24.36099704364,
        24.26204481064,
        24.22663635264,
        24.32739297764,
        24.40467387064,
        24.33820355564,
        24.39290603164,
        24.80999618464,
        24.28559515464,
        24.35292001464
      ],
      "exit_codes": [
        0,
        0,
        0,
        0,
        0,
        0,
        0,
        0,
        0,
        0,
        0,
        0,
        0,
        0,
        0,
        0,
        0,
        0,
        0,
        0,
        0,
        0,
        0,
        0,
        0,
        0,
        0,
        0,
        0,
        0
      ]
    }
  ]
}
