{
  "results": [
    {
      "command": "nb-disabled-sequential",
      "mean": 27.549052748233333,
      "stddev": 1.9184951343428591,
      "median": 27.0225844891,
      "user": 1757.94464498,
      "system": 1.619250613333333,
      "min": 26.1854099846,
      "max": 34.1969473766,
      "times": [
        26.4474597586,
        26.3661726986,
        26.5918004066,
        27.7147763336,
        26.8688371346,
        26.2728931056,
        27.6065529556,
        28.0268042416,
        26.3819399536,
        26.1854099846,
        26.9329444986,
        26.947230957600002,
        26.306319601600002,
        28.5427272306,
        26.6232261596,
        26.4566296846,
        27.6132654666,
        26.4553816256,
        27.0979380206,
        28.4568483816,
        34.1969473766,
        28.483193027600002,
        28.3174559206,
        26.5471178536,
        27.1017528586,
        27.3174288716,
        27.134537348600002,
        27.2699033286,
        33.9682557156,
        26.2398319456
      ],
      "exit_codes": [
        0,
        0,
        0,
        0,
        0,
        0,
        0,
        0,
        0,
        0,
        0,
        0,
        0,
        0,
        0,
        0,
        0,
        0,
        0,
        0,
        0,
        0,
        0,
        0,
        0,
        0,
        0,
        0,
        0,
        0
      ]
    }
  ]
}
