{
  "results": [
    {
      "command": "nb-disabled-sockets",
      "mean": 24.659014442060005,
      "stddev": 0.5774229208226563,
      "median": 24.472970735860002,
      "user": 1572.528706413333,
      "system": 1.3583660733333336,
      "min": 24.205770918360002,
      "max": 26.63506389336,
      "times": [
        24.57016280836,
        24.93930234236,
        24.39108737736,
        24.87629979936,
        24.44892587436,
        24.579542108360002,
        24.35205308036,
        24.35088417436,
        24.207372763360002,
        24.440366492360003,
        24.623796043360002,
        24.35385209336,
        24.673025602360003,
        24.53893408936,
        24.77338705836,
        24.50708071036,
        24.270866434360002,
        24.42102571736,
        26.63506389336,
        24.96077664536,
        25.311066881360002,
        24.71892370536,
        24.44297950836,
        24.205770918360002,
        24.40708011736,
        24.49701559736,
        26.494728347360002,
        24.313155518360002,
        24.21214856136,
        24.253758998360002
      ],
      "exit_codes": [
        0,
        0,
        0,
        0,
        0,
        0,
        0,
        0,
        0,
        0,
        0,
        0,
        0,
        0,
        0,
        0,
        0,
        0,
        0,
        0,
        0,
        0,
        0,
        0,
        0,
        0,
        0,
        0,
        0,
        0
      ]
    }
  ]
}
