{
  "results": [
    {
      "command": "nb-enabled-sockets",
      "mean": 25.695569378300004,
      "stddev": 0.9734144941974653,
      "median": 25.4473386134,
      "user": 1638.6276459666665,
      "system": 1.4284723933333336,
      "min": 24.2676139524,
      "max": 27.930310863400003,
      "times": [
        27.4800393674,
        24.9492732534,
        27.930310863400003,
        25.025175924400003,
        25.453706448400002,
        24.987735448400002,
        24.8434842954,
        26.2648104264,
        24.5005840854,
        25.4409707784,
        25.5622793814,
        26.4167435214,
        24.3604879594,
        24.2676139524,
        26.663660027400002,
        24.970290094400003,
        25.458970915400002,
        24.7739004644,
        24.7217248894,
        27.3429748334,
        27.0929649774,
        25.3584751024,
        25.7889414054,
        26.5628193034,
        26.249256899400002,
        26.407729503400002,
        26.320146704400003,
        25.4144128444,
        25.2844232974,
        24.9731743814
      ],
      "exit_codes": [
        0,
        0,
        0,
        0,
        0,
        0,
        0,
        0,
        0,
        0,
        0,
        0,
        0,
        0,
        0,
        0,
        0,
        0,
        0,
        0,
        0,
        0,
        0,
        0,
        0,
        0,
        0,
        0,
        0,
        0
      ]
    }
  ]
}
