{
  "results": [
    {
      "command": "nb-enabled-none",
      "mean": 28.324926278233338,
      "stddev": 1.7387979250352854,
      "median": 28.0070165917,
      "user": 1806.9252336133336,
      "system": 1.8056158333333334,
      "min": 26.7011650522,
      "max": 36.7252538902,
      "times": [
        28.689336237200003,
        26.9024299722,
        27.496405002200003,
        27.5487229452,
        28.570010679200003,
        27.948999841200003,
        27.422049788200002,
        28.332275515200003,
        27.487830862200003,
        27.995626271200003,
        28.2695565572,
        28.8117441122,
        28.1700315892,
        36.7252538902,
        27.325404221200003,
        28.0184069122,
        28.447903752200002,
        28.589535397200002,
        26.918779923200002,
        27.8703525722,
        29.3317798412,
        27.7223745442,
        26.7011650522,
        29.3718777222,
        27.204294236200003,
        27.7898247072,
        27.7198041002,
        28.7730430392,
        29.3223790182,
        28.270590045200002
      ],
      "exit_codes": [
        0,
        0,
        0,
        0,
        0,
        0,
        0,
        0,
        0,
        0,
        0,
        0,
        0,
        0,
        0,
        0,
        0,
        0,
        0,
        0,
        0,
        0,
        0,
        0,
        0,
        0,
        0,
        0,
        0,
        0
      ]
    }
  ]
}
