{
  "results": [
    {
      "command": "nb-enabled-sequential",
      "mean": 27.79567642724667,
      "stddev": 1.9374534536769465,
      "median": 27.146121257780003,
      "user": 1772.6738100999996,
      "system": 1.8068508466666668,
      "min": 26.29797087428,
      "max": 34.51616035628,
      "times": [
        33.69194084728,
        26.695486471280002,
        26.512108485280002,
        26.339927430280003,
        26.891898618280003,
        28.412359133280003,
        26.782409093280002,
        28.63335485328,
        27.184752816280003,
        28.70753385928,
        26.939933683280003,
        27.217137353280002,
        26.97793600728,
        26.72287761528,
        26.32687511328,
        27.93294353728,
        29.49264873828,
        26.29797087428,
        27.45713847528,
        34.51616035628,
        27.15191661928,
        29.25946576628,
        28.924938311280002,
        27.57781715528,
        27.14032589628,
        27.051250645280003,
        27.24425230728,
        26.63423156828,
        26.69790352128,
        26.45479766528
      ],
      "exit_codes": [
        0,
        0,
        0,
        0,
        0,
        0,
        0,
        0,
        0,
        0,
        0,
        0,
        0,
        0,
        0,
        0,
        0,
        0,
        0,
        0,
        0,
        0,
        0,
        0,
        0,
        0,
        0,
        0,
        0,
        0
      ]
    }
  ]
}
