{
  "results": [
    {
      "command": "nb-enabled-sockorder",
      "mean": 25.217169855673333,
      "stddev": 1.102593425584039,
      "median": 24.84593851974,
      "user": 1608.2322301733332,
      "system": 1.4251507066666667,
      "min": 24.01984290674,
      "max": 28.77261920074,
      "times": [
        24.31453866774,
        25.73794201074,
        24.406472588739998,
        25.69955162874,
        25.12524505674,
        24.46520688374,
        24.51484410974,
        24.05251655774,
        26.18703590174,
        26.130444419739998,
        25.42268379674,
        25.59080293174,
        24.80431824174,
        24.35708934674,
        24.01984290674,
        28.77261920074,
        25.53572542874,
        25.65797248074,
        24.46543694574,
        24.41882693074,
        24.37928455574,
        24.88755879774,
        27.70884532074,
        25.16435319474,
        24.62039074374,
        25.67863109974,
        26.95703935174,
        24.61649955874,
        24.147253562739998,
        24.67612344874
      ],
      "exit_codes": [
        0,
        0,
        0,
        0,
        0,
        0,
        0,
        0,
        0,
        0,
        0,
        0,
        0,
        0,
        0,
        0,
        0,
        0,
        0,
        0,
        0,
        0,
        0,
        0,
        0,
        0,
        0,
        0,
        0,
        0
      ]
    }
  ]
}
