{
  "results": [
    {
      "command": "/root/npb/NPB3.4-OMP/bin/mg.D.x",
      "mean": 34.68233943987,
      "stddev": 0.05212148084526406,
      "median": 34.680191557019995,
      "user": 4392.8605900699995,
      "system": 30.61961365,
      "min": 34.61401916552,
      "max": 34.83935985052,
      "times": [
        34.65315270552,
        34.68633580552,
        34.69708637852,
        34.62455909852,
        34.72721832052,
        34.83935985052,
        34.61401916552,
        34.67988360052,
        34.71754115552,
        34.63669914052,
        34.68039542052,
        34.67998769352,
        34.65549628752,
        34.61446896452,
        34.70954515652,
        34.64101404252,
        34.70344652752,
        34.64753933552,
        34.73219834052,
        34.70684180752
      ],
      "exit_codes": [
        0,
        0,
        0,
        0,
        0,
        0,
        0,
        0,
        0,
        0,
        0,
        0,
        0,
        0,
        0,
        0,
        0,
        0,
        0,
        0
      ]
    }
  ]
}
