{
  "results": [
    {
      "command": "/root/npb/NPB3.4-OMP/bin/cg.B.x",
      "mean": 1.47188253791,
      "stddev": 0.056353971392922246,
      "median": 1.47177034602,
      "user": 184.0594004099999,
      "system": 1.3585000999999999,
      "min": 1.3359386850200001,
      "max": 1.58712703802,
      "times": [
        1.52265622702,
        1.45328454502,
        1.40603432302,
        1.42425399902,
        1.3359386850200001,
        1.41840012702,
        1.46111826802,
        1.49166975302,
        1.5452599600199999,
        1.49645959602,
        1.51472644702,
        1.5703407580200002,
        1.42408954402,
        1.54861189402,
        1.50709994802,
        1.48284734402,
        1.52409853202,
        1.4577484010200001,
        1.46321705302,
        1.4400793010200001,
        1.56500167602,
        1.45460772002,
        1.51136532702,
        1.49996438602,
        1.49311982202,
        1.36410148402,
        1.41026086902,
        1.44867747402,
        1.52002559702,
        1.46430055402,
        1.41199274402,
        1.45637286602,
        1.43205538502,
        1.43503175302,
        1.47000000802,
        1.43943638302,
        1.44765339302,
        1.56622034702,
        1.39242779302,
        1.42179366402,
        1.43880867302,
        1.49128944102,
        1.5411951640200001,
        1.49995541702,
        1.50183035402,
        1.49588395202,
        1.58712703802,
        1.41529972502,
        1.5251336310199999,
        1.39385720002,
        1.54306749502,
        1.47179943102,
        1.44791731502,
        1.5834051770200002,
        1.46073142002,
        1.41360218002,
        1.39231237502,
        1.57264158902,
        1.34459221202,
        1.36584152602,
        1.47101035002,
        1.39854456002,
        1.5366097730200001,
        1.44205933602,
        1.4837610650200002,
        1.44873420902,
        1.48554555702,
        1.37626963702,
        1.58125963702,
        1.49492338202,
        1.49901108202,
        1.53306123402,
        1.54132431602,
        1.47174126102,
        1.3798633230200001,
        1.47575236302,
        1.43863300802,
        1.49763884902,
        1.41293461502,
        1.4292247070200002,
        1.4220046850199999,
        1.47656922302,
        1.47300967302,
        1.51524770802,
        1.49423272902,
        1.5612718590199999,
        1.46472543202,
        1.57039184802,
        1.47952757502,
        1.5184704100200002,
        1.49601191302,
        1.4925151110200001,
        1.48183160902,
        1.42869026602,
        1.47026567702,
        1.49724071502,
        1.3953263820200001,
        1.44730316402,
        1.50454583502,
        1.42253444602
      ],
      "exit_codes": [
        0,
        0,
        0,
        0,
        0,
        0,
        0,
        0,
        0,
        0,
        0,
        0,
        0,
        0,
        0,
        0,
        0,
        0,
        0,
        0,
        0,
        0,
        0,
        0,
        0,
        0,
        0,
        0,
        0,
        0,
        0,
        0,
        0,
        0,
        0,
        0,
        0,
        0,
        0,
        0,
        0,
        0,
        0,
        0,
        0,
        0,
        0,
        0,
        0,
        0,
        0,
        0,
        0,
        0,
        0,
        0,
        0,
        0,
        0,
        0,
        0,
        0,
        0,
        0,
        0,
        0,
        0,
        0,
        0,
        0,
        0,
        0,
        0,
        0,
        0,
        0,
        0,
        0,
        0,
        0,
        0,
        0,
        0,
        0,
        0,
        0,
        0,
        0,
        0,
        0,
        0,
        0,
        0,
        0,
        0,
        0,
        0,
        0,
        0,
        0
      ]
    }
  ]
}
