{
  "results": [
    {
      "command": "/root/npb/NPB3.4-OMP/bin/cg.C.x",
      "mean": 6.100785699380002,
      "stddev": 0.10019253271506025,
      "median": 6.1237440535,
      "user": 772.0839771400003,
      "system": 1.4976686400000006,
      "min": 5.888774697000001,
      "max": 6.263567596000001,
      "times": [
        6.1122737460000005,
        6.158002730000001,
        6.200134692000001,
        6.221924718,
        5.888774697000001,
        6.166504076,
        5.9713448190000005,
        6.094510088,
        6.223700057,
        5.933060129,
        6.220568314,
        5.89410608,
        6.187593335,
        6.149343385,
        6.018771468000001,
        6.135214361,
        6.006896998,
        5.951667778,
        6.263567596000001,
        6.051093446,
        6.1405686710000005,
        5.990846487000001,
        6.109540906,
        6.044657803000001,
        5.983631891,
        6.2311457,
        6.0252846600000005,
        6.142811278,
        6.251990119,
        6.07241054,
        6.232189653000001,
        5.900814265,
        6.150652352,
        6.211463322,
        6.021772915000001,
        6.198941364,
        6.012248021,
        6.168148371,
        6.065618352,
        6.150243498,
        6.151774038,
        6.024504566,
        6.155557976,
        6.210511755000001,
        6.09872609,
        6.057674149,
        6.0541030220000005,
        6.159785212,
        6.139549129000001,
        6.033066351
      ],
      "exit_codes": [
        0,
        0,
        0,
        0,
        0,
        0,
        0,
        0,
        0,
        0,
        0,
        0,
        0,
        0,
        0,
        0,
        0,
        0,
        0,
        0,
        0,
        0,
        0,
        0,
        0,
        0,
        0,
        0,
        0,
        0,
        0,
        0,
        0,
        0,
        0,
        0,
        0,
        0,
        0,
        0,
        0,
        0,
        0,
        0,
        0,
        0,
        0,
        0,
        0,
        0
      ]
    }
  ]
}
