{
  "results": [
    {
      "command": "/root/npb/NPB3.4-OMP/bin/cg.C.x",
      "mean": 7.2813275312600005,
      "stddev": 0.15341045095195857,
      "median": 7.26483055978,
      "user": 923.4302243599997,
      "system": 2.0884926999999998,
      "min": 6.98177589228,
      "max": 7.77041117028,
      "times": [
        7.17184477228,
        7.08639169428,
        7.4672212362799995,
        7.23953370928,
        7.38659607128,
        7.3141858182799995,
        7.44007119028,
        7.12244693928,
        7.28046081028,
        7.41923435028,
        7.11810672728,
        7.35835710228,
        7.54130652228,
        7.43488460528,
        7.33204173828,
        7.38452791728,
        7.16591999728,
        7.46347984628,
        7.19103289428,
        7.07150221428,
        6.98177589228,
        7.20204087828,
        7.0721832642799995,
        7.08480769028,
        7.19670503428,
        7.107082131279999,
        7.18776085828,
        7.23784626228,
        7.14221022928,
        7.18211994228,
        7.23861575128,
        7.28121577428,
        7.10553721328,
        7.18822044428,
        7.39409997028,
        7.49507333728,
        7.3011946732799995,
        7.37133395528,
        7.50199105328,
        7.26384640428,
        7.16304114428,
        7.40251301228,
        7.42706867428,
        7.26581471528,
        7.34089130928,
        7.19248048128,
        7.26998812828,
        7.24306159128,
        7.77041117028,
        7.4662994202799995
      ],
      "exit_codes": [
        0,
        0,
        0,
        0,
        0,
        0,
        0,
        0,
        0,
        0,
        0,
        0,
        0,
        0,
        0,
        0,
        0,
        0,
        0,
        0,
        0,
        0,
        0,
        0,
        0,
        0,
        0,
        0,
        0,
        0,
        0,
        0,
        0,
        0,
        0,
        0,
        0,
        0,
        0,
        0,
        0,
        0,
        0,
        0,
        0,
        0,
        0,
        0,
        0,
        0
      ]
    }
  ]
}
