{
  "results": [
    {
      "command": "/root/npb/NPB3.4-OMP/bin/cg.C.x",
      "mean": 6.113321163680001,
      "stddev": 0.10614419041693969,
      "median": 6.1092931749999995,
      "user": 773.4955458,
      "system": 1.5317831399999997,
      "min": 5.8266283340000005,
      "max": 6.295521153,
      "times": [
        6.208877956,
        6.179918195,
        6.1092608429999995,
        6.057740772,
        5.986442965,
        6.169256167,
        6.275510687,
        6.046431002,
        6.1117552779999995,
        6.027912862,
        6.153154699,
        5.975383062,
        6.174923531,
        6.295521153,
        6.082545403,
        6.081221248,
        5.8266283340000005,
        6.23659085,
        6.198575819,
        6.052534867,
        6.080685004,
        5.98441883,
        6.098510757,
        6.206634936,
        6.092655652,
        6.090010026,
        5.903187593,
        6.18382182,
        6.15736802,
        6.034606913,
        6.252647201,
        5.988571048,
        6.167226889,
        6.288599473,
        6.044389414,
        6.133848662,
        6.043852089,
        6.136352232,
        6.207654899,
        6.023757097,
        6.109325507,
        5.969961077,
        6.248154176,
        6.269468845,
        5.959978356,
        6.183121911,
        6.01473617,
        6.196952604,
        6.256298102,
        6.089077188
      ],
      "exit_codes": [
        0,
        0,
        0,
        0,
        0,
        0,
        0,
        0,
        0,
        0,
        0,
        0,
        0,
        0,
        0,
        0,
        0,
        0,
        0,
        0,
        0,
        0,
        0,
        0,
        0,
        0,
        0,
        0,
        0,
        0,
        0,
        0,
        0,
        0,
        0,
        0,
        0,
        0,
        0,
        0,
        0,
        0,
        0,
        0,
        0,
        0,
        0,
        0,
        0,
        0
      ]
    }
  ]
}
