{
  "results": [
    {
      "command": "/root/npb/NPB3.4-OMP/bin/mg.D.x",
      "mean": 29.263861787539998,
      "stddev": 0.022004760341016116,
      "median": 29.26611302514,
      "user": 3700.4684004100004,
      "system": 29.511726499999998,
      "min": 29.216703695640003,
      "max": 29.299370845640002,
      "times": [
        29.26647152864,
        29.272595475640003,
        29.26575452164,
        29.22772880064,
        29.28645479464,
        29.25937910764,
        29.245530138640003,
        29.272340726640003,
        29.254055965640003,
        29.27083356964,
        29.28684982364,
        29.24562483764,
        29.25072209664,
        29.285228760640003,
        29.216703695640003,
        29.29139142864,
        29.299370845640002,
        29.259671195640003,
        29.28203731664,
        29.238491120640003
      ],
      "exit_codes": [
        0,
        0,
        0,
        0,
        0,
        0,
        0,
        0,
        0,
        0,
        0,
        0,
        0,
        0,
        0,
        0,
        0,
        0,
        0,
        0
      ]
    }
  ]
}
