{
  "results": [
    {
      "command": "/root/npb/NPB3.4-OMP/bin/mg.D.x",
      "mean": 29.267307895699997,
      "stddev": 0.03161240759730691,
      "median": 29.2760506069,
      "user": 3700.7206933199996,
      "system": 29.602932520000003,
      "min": 29.2097761249,
      "max": 29.3173140699,
      "times": [
        29.2436701869,
        29.2703717149,
        29.2800111789,
        29.2764852129,
        29.2623503499,
        29.3173140699,
        29.3107064789,
        29.2097761249,
        29.2792458139,
        29.2776090839,
        29.2391905959,
        29.2756160009,
        29.2435990029,
        29.2846824429,
        29.2117672569,
        29.2803318689,
        29.2146312409,
        29.3044835549,
        29.2999169409,
        29.2643987939
      ],
      "exit_codes": [
        0,
        0,
        0,
        0,
        0,
        0,
        0,
        0,
        0,
        0,
        0,
        0,
        0,
        0,
        0,
        0,
        0,
        0,
        0,
        0
      ]
    }
  ]
}
