{
  "results": [
    {
      "command": "/root/npb/NPB3.4-OMP/bin/sp.C.x",
      "mean": 12.685934580939996,
      "stddev": 0.5233922352539218,
      "median": 12.447354744639998,
      "user": 1618.1586826299995,
      "system": 2.62096407,
      "min": 12.23651492014,
      "max": 13.76793845514,
      "times": [
        12.475527846139999,
        12.704870009139999,
        13.52978993214,
        12.48594221514,
        13.435697978139999,
        12.572592478139999,
        12.387877936139999,
        12.23651492014,
        12.336493036139998,
        12.27857428214,
        12.41918164314,
        12.27571630814,
        12.36112576914,
        12.26404809614,
        12.31136855014,
        13.45083403814,
        13.53076501514,
        12.386726961139999,
        12.507106149139998,
        13.76793845514
      ],
      "exit_codes": [
        0,
        0,
        0,
        0,
        0,
        0,
        0,
        0,
        0,
        0,
        0,
        0,
        0,
        0,
        0,
        0,
        0,
        0,
        0,
        0
      ]
    }
  ]
}
