{
  "results": [
    {
      "command": "/root/npb/NPB3.4-OMP/bin/sp.C.x",
      "mean": 13.043376776030001,
      "stddev": 0.7504400316438447,
      "median": 12.715548652879999,
      "user": 1663.94422247,
      "system": 2.641153,
      "min": 12.28390915338,
      "max": 14.77225247038,
      "times": [
        12.611839762379999,
        13.53486067938,
        12.37282876938,
        13.84031922438,
        12.28390915338,
        12.73891444838,
        14.08742883238,
        13.67595862138,
        13.51789482638,
        12.35857855338,
        12.34409482738,
        13.92700614038,
        13.29357992938,
        13.30497795038,
        12.297042317379999,
        12.31646367338,
        12.330747389379999,
        14.77225247038,
        12.692182857379999,
        12.56665509438
      ],
      "exit_codes": [
        0,
        0,
        0,
        0,
        0,
        0,
        0,
        0,
        0,
        0,
        0,
        0,
        0,
        0,
        0,
        0,
        0,
        0,
        0,
        0
      ]
    }
  ]
}
