{
  "results": [
    {
      "command": "/root/npb/NPB3.4-OMP/bin/cg.C.x",
      "mean": 7.554278957399999,
      "stddev": 0.17010002566263122,
      "median": 7.4935681902799995,
      "user": 958.1416510600003,
      "system": 2.0475279199999994,
      "min": 7.26505737078,
      "max": 7.9781379247799995,
      "times": [
        7.80958670678,
        7.47758843978,
        7.56236807078,
        7.47495287778,
        7.83193555378,
        7.43110979378,
        7.67324966278,
        7.5887291247799995,
        7.48086609478,
        7.5729961457799995,
        7.33668369578,
        7.63674034778,
        7.55391771378,
        7.47767369078,
        7.53164544678,
        7.438576783779999,
        7.47882702278,
        7.41034808878,
        7.51973547378,
        7.43981249878,
        7.50496543478,
        7.50792248678,
        7.85702120578,
        7.39817531478,
        7.9781379247799995,
        7.74916400578,
        7.4351585147799995,
        7.42244847078,
        7.47040307478,
        7.37447220478,
        7.47724372478,
        7.30154056578,
        7.67055238378,
        7.37844760978,
        7.4123149677799995,
        7.75761590778,
        7.90676783678,
        7.26505737078,
        7.67835653978,
        7.40260772378,
        7.48217094578,
        7.83118887878,
        7.54051426578,
        7.67662545378,
        7.477788332779999,
        7.71138375278,
        7.81982029078,
        7.38328254078,
        7.39368840978,
        7.72176849678
      ],
      "exit_codes": [
        0,
        0,
        0,
        0,
        0,
        0,
        0,
        0,
        0,
        0,
        0,
        0,
        0,
        0,
        0,
        0,
        0,
        0,
        0,
        0,
        0,
        0,
        0,
        0,
        0,
        0,
        0,
        0,
        0,
        0,
        0,
        0,
        0,
        0,
        0,
        0,
        0,
        0,
        0,
        0,
        0,
        0,
        0,
        0,
        0,
        0,
        0,
        0,
        0,
        0
      ]
    }
  ]
}
