{
  "results": [
    {
      "command": "/root/npb/NPB3.4-OMP/bin/sp.C.x",
      "mean": 20.35853906841,
      "stddev": 0.2913409490213472,
      "median": 20.35513180596,
      "user": 2599.9761432600003,
      "system": 2.8746490499999995,
      "min": 19.900362894460002,
      "max": 20.88459352146,
      "times": [
        20.59856161846,
        20.32602275046,
        19.900362894460002,
        20.45395460446,
        20.513678075460003,
        20.38424086146,
        20.04779046346,
        20.38522750046,
        20.75485276246,
        20.31812428246,
        20.097796415460003,
        19.979844994460002,
        20.197349448460002,
        20.05918739746,
        20.88459352146,
        20.64326795246,
        20.133783849460002,
        20.08013834846,
        20.70185849746,
        20.710145129460003
      ],
      "exit_codes": [
        0,
        0,
        0,
        0,
        0,
        0,
        0,
        0,
        0,
        0,
        0,
        0,
        0,
        0,
        0,
        0,
        0,
        0,
        0,
        0
      ]
    }
  ]
}
