{
  "results": [
    {
      "command": "/root/npb/NPB3.4-OMP/bin/bt.B.x",
      "mean": 4.9330686752599995,
      "stddev": 0.0898214492675939,
      "median": 4.921756226159999,
      "user": 627.04897508,
      "system": 1.5719257999999998,
      "min": 4.73862595716,
      "max": 5.1378877121599995,
      "times": [
        5.057438751159999,
        4.95715614116,
        4.8790166371599994,
        5.083001846159999,
        4.84372575216,
        5.0339367381599995,
        4.871543797159999,
        4.84697772816,
        4.835609950159999,
        4.88146916216,
        4.89553767516,
        4.98059695816,
        4.89168542916,
        4.90275119916,
        5.06166865216,
        4.73862595716,
        4.99093894516,
        4.91936202416,
        5.0835426971599995,
        4.92666629916,
        5.1378877121599995,
        4.92813796916,
        4.88866380116,
        4.97419971016,
        4.92415042816,
        4.98968941116,
        4.82994523216,
        4.96905940216,
        4.78387104816,
        4.975183074159999,
        4.89955914016,
        4.75865562216,
        4.9947613111599996,
        5.03136035116,
        4.901940393159999,
        5.124372850159999,
        4.92971819816,
        4.89112321816,
        4.99454978116,
        4.98909053816,
        4.797576771159999,
        4.95758188816,
        4.904826316159999,
        4.86818815816,
        4.911750726159999,
        4.9281243761599995,
        4.857974084159999,
        4.90333125716,
        5.05436519716,
        4.87254345616
      ],
      "exit_codes": [
        0,
        0,
        0,
        0,
        0,
        0,
        0,
        0,
        0,
        0,
        0,
        0,
        0,
        0,
        0,
        0,
        0,
        0,
        0,
        0,
        0,
        0,
        0,
        0,
        0,
        0,
        0,
        0,
        0,
        0,
        0,
        0,
        0,
        0,
        0,
        0,
        0,
        0,
        0,
        0,
        0,
        0,
        0,
        0,
        0,
        0,
        0,
        0,
        0,
        0
      ]
    }
  ]
}
