{
  "results": [
    {
      "command": "/root/npb/NPB3.4-OMP/bin/bt.B.x",
      "mean": 4.97233147362,
      "stddev": 0.08656079833421843,
      "median": 4.982097341739999,
      "user": 631.7736886199998,
      "system": 1.73014722,
      "min": 4.76806909774,
      "max": 5.16338324174,
      "times": [
        5.01092108474,
        4.93846942074,
        5.02318343574,
        4.94120354874,
        5.00118729274,
        5.08641210774,
        4.91050928674,
        4.83791293774,
        4.99225407574,
        5.09563270474,
        4.88944626774,
        4.91275737774,
        5.01634577874,
        4.94757936274,
        4.99802688774,
        4.93770146474,
        5.16338324174,
        5.05090904174,
        4.76806909774,
        4.9912786667399995,
        5.04129296074,
        4.90610828974,
        4.93065682274,
        5.04353634874,
        4.88159531374,
        5.072197646739999,
        4.882153070739999,
        5.07697146574,
        4.76999032274,
        4.99987423474,
        4.89277866474,
        4.96437050974,
        4.97553089874,
        4.98866378474,
        5.02665127874,
        5.00315266574,
        4.95659867974,
        5.13487566474,
        5.07421886274,
        4.8587774567399995,
        5.04302930074,
        4.97536596874,
        4.82586982874,
        5.04928376174,
        4.91313275974,
        4.89419502774,
        5.00356745474,
        4.94714782774,
        5.05875075574,
        4.91305296974
      ],
      "exit_codes": [
        0,
        0,
        0,
        0,
        0,
        0,
        0,
        0,
        0,
        0,
        0,
        0,
        0,
        0,
        0,
        0,
        0,
        0,
        0,
        0,
        0,
        0,
        0,
        0,
        0,
        0,
        0,
        0,
        0,
        0,
        0,
        0,
        0,
        0,
        0,
        0,
        0,
        0,
        0,
        0,
        0,
        0,
        0,
        0,
        0,
        0,
        0,
        0,
        0,
        0
      ]
    }
  ]
}
