{
  "results": [
    {
      "command": "nb-disabled-none",
      "mean": 15.88638193287333,
      "stddev": 0.1689537842748207,
      "median": 15.93154969714,
      "user": 1011.0551122066666,
      "system": 1.2734443266666668,
      "min": 15.50495037614,
      "max": 16.10467656614,
      "times": [
        16.06837470914,
        16.04241024414,
        16.01016839514,
        15.934051095140001,
        15.697732443140001,
        15.609408096140001,
        15.64210589114,
        15.97145868914,
        15.621183781140001,
        15.894581306140001,
        15.93145657414,
        16.10467656614,
        16.00998462514,
        15.57354242114,
        15.94276223414,
        15.89512665414,
        15.81720052614,
        16.08889474814,
        15.84486455214,
        15.89992921514,
        15.70680860114,
        15.50495037614,
        15.84063919414,
        16.04499765414,
        16.04479877014,
        16.02666480014,
        15.85890208014,
        15.93164282014,
        15.976386082140001,
        16.05575484114
      ],
      "exit_codes": [
        0,
        0,
        0,
        0,
        0,
        0,
        0,
        0,
        0,
        0,
        0,
        0,
        0,
        0,
        0,
        0,
        0,
        0,
        0,
        0,
        0,
        0,
        0,
        0,
        0,
        0,
        0,
        0,
        0,
        0
      ]
    }
  ]
}
