{
  "results": [
    {
      "command": "nb-disabled-sockets",
      "mean": 14.572204932226667,
      "stddev": 0.08881934341805003,
      "median": 14.546001147960002,
      "user": 927.0929071866666,
      "system": 1.13729238,
      "min": 14.48872231296,
      "max": 14.81216128896,
      "times": [
        14.518868577960001,
        14.54761776996,
        14.568388375960001,
        14.546752874960001,
        14.585525070960001,
        14.54447233596,
        14.58587543796,
        14.48872231296,
        14.81216128896,
        14.801189006960001,
        14.54386976896,
        14.804209447960002,
        14.545249420960001,
        14.60476459096,
        14.68340881596,
        14.56768995396,
        14.56385240396,
        14.531093700960001,
        14.501101314960001,
        14.58775378096,
        14.492025162960001,
        14.495399393960001,
        14.54035723996,
        14.489759965960001,
        14.51906396396,
        14.55911530596,
        14.544993726960001,
        14.56358921796,
        14.522169185960001,
        14.507108550960002
      ],
      "exit_codes": [
        0,
        0,
        0,
        0,
        0,
        0,
        0,
        0,
        0,
        0,
        0,
        0,
        0,
        0,
        0,
        0,
        0,
        0,
        0,
        0,
        0,
        0,
        0,
        0,
        0,
        0,
        0,
        0,
        0,
        0
      ]
    }
  ]
}
