{
  "results": [
    {
      "command": "nb-disabled-sequential",
      "mean": 16.143160699300005,
      "stddev": 0.08886199218979508,
      "median": 16.149650327400003,
      "user": 1027.3998850733333,
      "system": 1.3368255266666664,
      "min": 15.996071628400001,
      "max": 16.3470352114,
      "times": [
        16.2667434844,
        16.2565995434,
        16.033337931400002,
        15.996071628400001,
        16.092269652400002,
        16.1467785014,
        16.0535588474,
        16.191294168400002,
        16.0769542064,
        16.1403109664,
        16.0365612774,
        16.125259927400002,
        16.3470352114,
        16.1680639914,
        16.175485308400003,
        16.1609896414,
        16.076314158400002,
        16.0364712334,
        16.0297645144,
        16.1652742554,
        16.1057765744,
        15.9976283184,
        16.223641749400002,
        16.2410983744,
        16.1692691484,
        16.1516577054,
        16.185126151400002,
        16.218605535400002,
        16.2792360234,
        16.1476429494
      ],
      "exit_codes": [
        0,
        0,
        0,
        0,
        0,
        0,
        0,
        0,
        0,
        0,
        0,
        0,
        0,
        0,
        0,
        0,
        0,
        0,
        0,
        0,
        0,
        0,
        0,
        0,
        0,
        0,
        0,
        0,
        0,
        0
      ]
    }
  ]
}
