{
  "results": [
    {
      "command": "nb-disabled-sockorder",
      "mean": 14.525252026293337,
      "stddev": 0.036489659813476245,
      "median": 14.52037800706,
      "user": 924.1894316933333,
      "system": 1.1796187666666669,
      "min": 14.46225652506,
      "max": 14.622655380060001,
      "times": [
        14.474980418060001,
        14.52111759806,
        14.50194606506,
        14.50915578306,
        14.55401938206,
        14.50307767706,
        14.504381801060001,
        14.50782379106,
        14.47092011406,
        14.567022899060001,
        14.50941390206,
        14.58138593106,
        14.557290445060001,
        14.46225652506,
        14.55639964406,
        14.48124228406,
        14.57057998606,
        14.52922813006,
        14.52074794506,
        14.520008069060001,
        14.48922653206,
        14.50363234506,
        14.54046192106,
        14.54045099706,
        14.50191335006,
        14.57051562006,
        14.622655380060001,
        14.53591046806,
        14.50663470606,
        14.54316107906
      ],
      "exit_codes": [
        0,
        0,
        0,
        0,
        0,
        0,
        0,
        0,
        0,
        0,
        0,
        0,
        0,
        0,
        0,
        0,
        0,
        0,
        0,
        0,
        0,
        0,
        0,
        0,
        0,
        0,
        0,
        0,
        0,
        0
      ]
    }
  ]
}
