{
  "results": [
    {
      "command": "nb-enabled-sockorder",
      "mean": 13.938613599206667,
      "stddev": 0.12656719048347076,
      "median": 13.98113531944,
      "user": 886.9327023933336,
      "system": 1.0957498666666665,
      "min": 13.70825442594,
      "max": 14.29598547594,
      "times": [
        13.72890040794,
        13.86631207194,
        13.70825442594,
        13.71749007394,
        13.76473362094,
        13.78701233594,
        13.81961639194,
        13.81930838394,
        13.84015582794,
        13.91710490894,
        13.975581180939999,
        13.89311718494,
        14.00098298294,
        13.99899338994,
        13.98131209894,
        13.98220099394,
        13.98856600494,
        13.98617458694,
        13.98095853994,
        13.90514913994,
        13.99738039794,
        14.03660240294,
        14.29598547594,
        14.04383115894,
        14.03990250194,
        14.03938735294,
        13.985216360939999,
        13.98085455494,
        13.99976345394,
        14.07755976294
      ],
      "exit_codes": [
        0,
        0,
        0,
        0,
        0,
        0,
        0,
        0,
        0,
        0,
        0,
        0,
        0,
        0,
        0,
        0,
        0,
        0,
        0,
        0,
        0,
        0,
        0,
        0,
        0,
        0,
        0,
        0,
        0,
        0
      ]
    }
  ]
}
