{
  "results": [
    {
      "command": "nb-enabled-none",
      "mean": 15.823454494099998,
      "stddev": 0.41845672728670247,
      "median": 15.6628363569,
      "user": 1006.68917602,
      "system": 1.3473152400000001,
      "min": 15.3594776299,
      "max": 16.9950107519,
      "times": [
        15.7563707879,
        16.0407561329,
        15.8580715639,
        15.6094569969,
        15.5963798009,
        15.5490362679,
        15.4799286069,
        15.5363263889,
        15.5573572619,
        15.638300577899999,
        15.4754693809,
        16.226625972900003,
        16.941449620900002,
        16.9950107519,
        16.3020824719,
        15.6652011969,
        15.4179597909,
        16.3101604299,
        15.7791991519,
        15.6146389899,
        15.6604715169,
        15.9487504999,
        15.9918448809,
        15.3771142349,
        15.8821243189,
        15.3663308699,
        15.3594776299,
        15.8345064149,
        16.283810153900003,
        15.6494221589
      ],
      "exit_codes": [
        0,
        0,
        0,
        0,
        0,
        0,
        0,
        0,
        0,
        0,
        0,
        0,
        0,
        0,
        0,
        0,
        0,
        0,
        0,
        0,
        0,
        0,
        0,
        0,
        0,
        0,
        0,
        0,
        0,
        0
      ]
    }
  ]
}
