{
  "results": [
    {
      "command": "nb-enabled-sockets",
      "mean": 14.162587790840002,
      "stddev": 0.10451555253299187,
      "median": 14.16244423394,
      "user": 901.0896279266667,
      "system": 1.0712328733333334,
      "min": 14.02296441894,
      "max": 14.42437814694,
      "times": [
        14.17463802294,
        14.28451157494,
        14.035419470939999,
        14.060356860939999,
        14.23037778294,
        14.21900346394,
        14.18182684694,
        14.12366458294,
        14.07999007494,
        14.170078114939999,
        14.03427325694,
        14.37213379994,
        14.26683184494,
        14.17608871994,
        14.13374012794,
        14.10444283794,
        14.36755926094,
        14.17304112994,
        14.17925729294,
        14.09518527094,
        14.42437814694,
        14.05994273594,
        14.02296441894,
        14.134265039939999,
        14.043407693939999,
        14.09975452194,
        14.19984133894,
        14.15481035294,
        14.22692581194,
        14.04892332494
      ],
      "exit_codes": [
        0,
        0,
        0,
        0,
        0,
        0,
        0,
        0,
        0,
        0,
        0,
        0,
        0,
        0,
        0,
        0,
        0,
        0,
        0,
        0,
        0,
        0,
        0,
        0,
        0,
        0,
        0,
        0,
        0,
        0
      ]
    }
  ]
}
