{
  "results": [
    {
      "command": "nb-enabled-sequential",
      "mean": 15.565936520493336,
      "stddev": 0.15476143516159713,
      "median": 15.597024970460001,
      "user": 990.3556103733332,
      "system": 1.40230802,
      "min": 15.189006435460001,
      "max": 15.900873456460001,
      "times": [
        15.57077615546,
        15.59537810346,
        15.41185941346,
        15.62022841646,
        15.45669429946,
        15.189006435460001,
        15.63690932846,
        15.47405209146,
        15.598671837460001,
        15.432572998460001,
        15.320183418460001,
        15.315576123460001,
        15.900873456460001,
        15.33131081346,
        15.57597748346,
        15.64051607446,
        15.63598241146,
        15.866354469460001,
        15.65072839946,
        15.44012187046,
        15.66188202746,
        15.583212898460001,
        15.655944635460001,
        15.64084954946,
        15.55401998646,
        15.58422083246,
        15.72440716646,
        15.67906117146,
        15.618609194460001,
        15.612114552460001
      ],
      "exit_codes": [
        0,
        0,
        0,
        0,
        0,
        0,
        0,
        0,
        0,
        0,
        0,
        0,
        0,
        0,
        0,
        0,
        0,
        0,
        0,
        0,
        0,
        0,
        0,
        0,
        0,
        0,
        0,
        0,
        0,
        0
      ]
    }
  ]
}
