{
  "results": [
    {
      "command": "/root/npb/NPB3.4-OMP/bin/cg.C.x",
      "mean": 6.025653706540002,
      "stddev": 0.08490851986788805,
      "median": 6.04117398382,
      "user": 762.2444374800001,
      "system": 1.51024972,
      "min": 5.8467245083199995,
      "max": 6.24204856432,
      "times": [
        6.03671689932,
        5.969882634319999,
        5.8467245083199995,
        6.19602388532,
        5.938110991319999,
        6.03699179832,
        5.88771593032,
        5.94044608532,
        6.07630121632,
        6.00234493132,
        6.068335354319999,
        5.90072097032,
        6.10204899832,
        6.18891898732,
        6.04534389932,
        6.03931931132,
        5.9171699343199995,
        6.08226800032,
        6.08178235832,
        5.995448018319999,
        6.0703565273199995,
        5.97625257332,
        6.1729091903199995,
        5.89532687732,
        5.962850256319999,
        6.0484755333199995,
        5.9975071913199995,
        6.014684325319999,
        6.07613426232,
        6.00108402632,
        6.054261492319999,
        6.04302865632,
        6.0761920173199995,
        6.0471742723199995,
        6.0650041753199995,
        6.1255249223199995,
        6.05350862332,
        6.08196760632,
        5.95090127032,
        5.9167538423199995,
        5.905036883319999,
        5.97715344132,
        6.02131342332,
        6.05359253132,
        6.004981359319999,
        5.88013323532,
        6.24204856432,
        6.05095647532,
        6.06930358232,
        6.09565347732
      ],
      "exit_codes": [
        0,
        0,
        0,
        0,
        0,
        0,
        0,
        0,
        0,
        0,
        0,
        0,
        0,
        0,
        0,
        0,
        0,
        0,
        0,
        0,
        0,
        0,
        0,
        0,
        0,
        0,
        0,
        0,
        0,
        0,
        0,
        0,
        0,
        0,
        0,
        0,
        0,
        0,
        0,
        0,
        0,
        0,
        0,
        0,
        0,
        0,
        0,
        0,
        0,
        0
      ]
    }
  ]
}
