{
  "results": [
    {
      "command": "nb-disabled-sockets",
      "mean": 14.832236244566667,
      "stddev": 0.14817220468606437,
      "median": 14.795089758,
      "user": 941.9206260866667,
      "system": 1.14004232,
      "min": 14.587695059,
      "max": 15.117997056,
      "times": [
        14.677391754,
        14.919279575000001,
        14.802091095,
        15.05143282,
        14.90445309,
        15.011499052,
        14.778954935,
        14.933068124,
        14.952374443,
        14.852614443,
        14.807467369,
        14.966314637,
        14.860132047,
        14.934484153,
        15.088404568,
        14.730542768,
        15.117997056,
        14.745495694,
        14.694894166,
        15.112169662,
        14.691210953,
        14.70178512,
        14.703626522,
        14.788088421,
        14.763593738,
        14.587695059,
        14.645494862,
        14.746853245,
        14.675115593,
        14.722562373
      ],
      "exit_codes": [
        0,
        0,
        0,
        0,
        0,
        0,
        0,
        0,
        0,
        0,
        0,
        0,
        0,
        0,
        0,
        0,
        0,
        0,
        0,
        0,
        0,
        0,
        0,
        0,
        0,
        0,
        0,
        0,
        0,
        0
      ]
    }
  ]
}
