{
  "results": [
    {
      "command": "nb-disabled-sockorder",
      "mean": 14.674640183786666,
      "stddev": 0.05752199060093674,
      "median": 14.68984207642,
      "user": 932.3875112466668,
      "system": 1.1518525933333335,
      "min": 14.55219196042,
      "max": 14.755092642420001,
      "times": [
        14.74484424042,
        14.646468933420001,
        14.68872470442,
        14.69412150642,
        14.733699961420001,
        14.706424247420001,
        14.678330753420001,
        14.755092642420001,
        14.660731266420001,
        14.67525972542,
        14.697143930420001,
        14.59152547042,
        14.56084608842,
        14.57634547842,
        14.73547875542,
        14.690959448420001,
        14.64836529842,
        14.69865278942,
        14.709622363420001,
        14.72276007042,
        14.72580299642,
        14.68852279242,
        14.69949074842,
        14.556319459420001,
        14.61420225842,
        14.55219196042,
        14.72707471642,
        14.68571502942,
        14.67287284842,
        14.701615029420001
      ],
      "exit_codes": [
        0,
        0,
        0,
        0,
        0,
        0,
        0,
        0,
        0,
        0,
        0,
        0,
        0,
        0,
        0,
        0,
        0,
        0,
        0,
        0,
        0,
        0,
        0,
        0,
        0,
        0,
        0,
        0,
        0,
        0
      ]
    }
  ]
}
