{
  "results": [
    {
      "command": "nb-disabled-none",
      "mean": 16.322969116099998,
      "stddev": 0.39275425451714346,
      "median": 16.3070096867,
      "user": 1037.7291509066665,
      "system": 1.2523564066666668,
      "min": 15.6943165602,
      "max": 16.9197105922,
      "times": [
        16.1226471202,
        15.768718209200001,
        16.5413793182,
        16.0401373352,
        16.3393242732,
        16.8003431242,
        16.7899184022,
        16.4565109112,
        16.1573264072,
        16.8024472532,
        15.9833786102,
        16.7338488952,
        16.3514961062,
        16.0319938252,
        15.6943165602,
        16.8898797012,
        16.1263603492,
        15.857086502200001,
        16.8083924322,
        16.5251709392,
        16.9197105922,
        16.6650349562,
        15.880477499200001,
        16.6608202072,
        16.1940874112,
        15.7604836102,
        15.7480691272,
        16.2746951002,
        16.0642212062,
        16.7007974982
      ],
      "exit_codes": [
        0,
        0,
        0,
        0,
        0,
        0,
        0,
        0,
        0,
        0,
        0,
        0,
        0,
        0,
        0,
        0,
        0,
        0,
        0,
        0,
        0,
        0,
        0,
        0,
        0,
        0,
        0,
        0,
        0,
        0
      ]
    }
  ]
}
