{
  "results": [
    {
      "command": "nb-disabled-sequential",
      "mean": 16.640267929706667,
      "stddev": 0.29200007696556807,
      "median": 16.72424428844,
      "user": 1057.8216937999998,
      "system": 1.2333965066666666,
      "min": 16.04443602244,
      "max": 16.97606323444,
      "times": [
        16.17712662044,
        16.97606323444,
        16.04443602244,
        16.84627335544,
        16.60999670744,
        16.78908275644,
        16.84292044144,
        16.46224663144,
        16.88899912044,
        16.54023843444,
        16.624241697440002,
        16.88512475844,
        16.61123179144,
        16.70870922244,
        16.72137318744,
        16.61914221644,
        16.17838914444,
        16.83064758644,
        16.91562888344,
        16.93043374044,
        16.72711538944,
        16.13419372444,
        16.84525090844,
        16.85804231944,
        16.44788133244,
        16.86524617344,
        16.94936265044,
        16.89392755144,
        16.11542731244,
        16.16928497644
      ],
      "exit_codes": [
        0,
        0,
        0,
        0,
        0,
        0,
        0,
        0,
        0,
        0,
        0,
        0,
        0,
        0,
        0,
        0,
        0,
        0,
        0,
        0,
        0,
        0,
        0,
        0,
        0,
        0,
        0,
        0,
        0,
        0
      ]
    }
  ]
}
