{
  "results": [
    {
      "command": "nb-enabled-sockets",
      "mean": 14.440548467753334,
      "stddev": 0.1272313627060744,
      "median": 14.430243968320001,
      "user": 917.097973093333,
      "system": 1.222550713333333,
      "min": 14.267390627820001,
      "max": 14.76000722482,
      "times": [
        14.47176575182,
        14.56449544282,
        14.54668284782,
        14.452781057820001,
        14.33096898982,
        14.267390627820001,
        14.58271595582,
        14.35373083182,
        14.32799700182,
        14.346295942820001,
        14.41643959982,
        14.436937200820001,
        14.70652565482,
        14.33142297082,
        14.50321350382,
        14.32956206982,
        14.76000722482,
        14.60008008782,
        14.63698326482,
        14.46738114282,
        14.38158597782,
        14.36703586282,
        14.442545560820001,
        14.30514348082,
        14.43953916982,
        14.28754206682,
        14.331615126820001,
        14.423550735820001,
        14.49813117182,
        14.30638770882
      ],
      "exit_codes": [
        0,
        0,
        0,
        0,
        0,
        0,
        0,
        0,
        0,
        0,
        0,
        0,
        0,
        0,
        0,
        0,
        0,
        0,
        0,
        0,
        0,
        0,
        0,
        0,
        0,
        0,
        0,
        0,
        0,
        0
      ]
    }
  ]
}
