{
  "results": [
    {
      "command": "nb-enabled-sequential",
      "mean": 16.086947029233333,
      "stddev": 0.33347224963902233,
      "median": 16.0143389823,
      "user": 1022.5695386066667,
      "system": 1.3007885066666667,
      "min": 15.6067882908,
      "max": 16.7731556118,
      "times": [
        16.262176669800002,
        15.636828363800001,
        15.804834838800002,
        15.8703125138,
        16.0010546938,
        16.0276232708,
        15.933557419800001,
        16.3177584628,
        15.9316033368,
        15.6067882908,
        15.883123491800001,
        16.7731556118,
        15.667529061800002,
        15.8587762818,
        15.781170278800001,
        16.213930656800002,
        15.867200006800001,
        16.2495944708,
        15.9562916918,
        16.1382791668,
        15.783188542800001,
        16.0381128098,
        16.1457261388,
        16.672537257800002,
        16.6128431488,
        16.4930190768,
        16.2764022108,
        16.7585428848,
        16.3399910688,
        15.706459157800001
      ],
      "exit_codes": [
        0,
        0,
        0,
        0,
        0,
        0,
        0,
        0,
        0,
        0,
        0,
        0,
        0,
        0,
        0,
        0,
        0,
        0,
        0,
        0,
        0,
        0,
        0,
        0,
        0,
        0,
        0,
        0,
        0,
        0
      ]
    }
  ]
}
