{
  "results": [
    {
      "command": "nb-enabled-none",
      "mean": 16.721848615979997,
      "stddev": 0.5846856827025282,
      "median": 16.68947015008,
      "user": 1062.76378624,
      "system": 1.2865357933333332,
      "min": 15.539545818079999,
      "max": 19.05493444908,
      "times": [
        16.36524068608,
        16.62663455408,
        17.251562321079998,
        16.78003081308,
        16.35108524808,
        16.28519726908,
        16.76599446108,
        16.63486328808,
        16.76232014708,
        16.68511997108,
        16.53261065308,
        16.807484376079998,
        16.48317860508,
        16.54497355208,
        16.69382032908,
        16.91118762008,
        16.80817693608,
        16.30894565708,
        17.40573040108,
        15.835957389079999,
        16.89100143908,
        15.539545818079999,
        16.69637204308,
        16.34939038608,
        19.05493444908,
        16.65627421808,
        16.620629910079998,
        16.86666794508,
        17.435727446079998,
        16.704800547079998
      ],
      "exit_codes": [
        0,
        0,
        0,
        0,
        0,
        0,
        0,
        0,
        0,
        0,
        0,
        0,
        0,
        0,
        0,
        0,
        0,
        0,
        0,
        0,
        0,
        0,
        0,
        0,
        0,
        0,
        0,
        0,
        0,
        0
      ]
    }
  ]
}
