{
  "results": [
    {
      "command": "nb-enabled-sockorder",
      "mean": 14.23395885498667,
      "stddev": 0.11974759067665725,
      "median": 14.23706635492,
      "user": 903.9939941466669,
      "system": 1.2947832866666666,
      "min": 13.95757540992,
      "max": 14.553082978920001,
      "times": [
        14.553082978920001,
        14.35977880992,
        14.391401591920001,
        13.95757540992,
        14.15742970492,
        14.362746172920001,
        14.164579020920002,
        14.16214598592,
        14.22999504092,
        14.26621418392,
        14.324246698920001,
        14.06265720492,
        14.12084336292,
        14.13521486992,
        14.248057174920001,
        14.11290227992,
        14.17542439492,
        14.06776408092,
        14.19626358592,
        14.31692915392,
        14.346085847920001,
        14.141904356920001,
        14.193620219920001,
        14.23877521492,
        14.257637971920001,
        14.23535749492,
        14.347927616920002,
        14.277371608920001,
        14.320762402920002,
        14.29407120692
      ],
      "exit_codes": [
        0,
        0,
        0,
        0,
        0,
        0,
        0,
        0,
        0,
        0,
        0,
        0,
        0,
        0,
        0,
        0,
        0,
        0,
        0,
        0,
        0,
        0,
        0,
        0,
        0,
        0,
        0,
        0,
        0,
        0
      ]
    }
  ]
}
