{
  "results": [
    {
      "command": "/root/npb/NPB3.4-OMP/bin/cg.B.x",
      "mean": 2.0097856452099996,
      "stddev": 0.05283364252906933,
      "median": 2.00330850334,
      "user": 252.89332965000003,
      "system": 1.4510806299999996,
      "min": 1.89918681184,
      "max": 2.17430257884,
      "times": [
        2.00188933884,
        1.95066083184,
        1.89918681184,
        1.9697964198400002,
        2.02922293484,
        2.02160550784,
        2.01459572384,
        2.12779659384,
        2.11433955484,
        2.01548551784,
        2.01409555484,
        1.99208568284,
        2.00031970684,
        1.98985689884,
        2.03891440084,
        1.95744772584,
        1.94760708784,
        2.07671764484,
        2.07670593584,
        1.97269716384,
        2.02471333984,
        2.17430257884,
        2.02043158684,
        2.01097161284,
        2.02053389584,
        1.99622774284,
        2.0248693538399998,
        2.02332794784,
        2.12151183984,
        2.00870537784,
        2.03718829784,
        1.9963299618400001,
        1.98365134884,
        1.9551997918400001,
        1.99867163584,
        1.9668015678400002,
        2.05356207284,
        1.99056610184,
        2.05196667484,
        1.9902216998400002,
        1.96775537684,
        2.02041300684,
        1.9861616828400002,
        1.9700643258400001,
        1.98754644284,
        2.05335396684,
        1.96503546984,
        1.9653097638400001,
        2.02951787484,
        1.90722814384,
        1.9485045568400001,
        2.00602712084,
        2.10862727484,
        1.95867097284,
        1.99391796484,
        2.04129211084,
        1.9995027378399999,
        2.03166762884,
        1.93999281684,
        2.10079504984,
        1.9905467568400002,
        2.03638495284,
        2.00957403984,
        2.05404747584,
        2.01077484284,
        2.00849477484,
        1.99986823984,
        1.91654439284,
        1.9896942368400001,
        2.09031630384,
        1.98731865384,
        1.96516675584,
        1.9843265298400001,
        1.95008402684,
        1.99680734784,
        2.01100077884,
        1.9903587798400002,
        2.10779392484,
        2.11463141284,
        1.92620892184,
        2.06483090184,
        1.96746210684,
        1.94585285184,
        2.00472766784,
        2.03831905284,
        1.9680020318400002,
        2.05588126684,
        1.99595506584,
        2.03082913184,
        2.09762824684,
        1.98170492584,
        1.91861534484,
        1.98668393484,
        2.11705705284,
        2.06203375084,
        1.96729678784,
        1.91776596684,
        2.03057053684,
        2.03753206984,
        2.00770692084
      ],
      "exit_codes": [
        0,
        0,
        0,
        0,
        0,
        0,
        0,
        0,
        0,
        0,
        0,
        0,
        0,
        0,
        0,
        0,
        0,
        0,
        0,
        0,
        0,
        0,
        0,
        0,
        0,
        0,
        0,
        0,
        0,
        0,
        0,
        0,
        0,
        0,
        0,
        0,
        0,
        0,
        0,
        0,
        0,
        0,
        0,
        0,
        0,
        0,
        0,
        0,
        0,
        0,
        0,
        0,
        0,
        0,
        0,
        0,
        0,
        0,
        0,
        0,
        0,
        0,
        0,
        0,
        0,
        0,
        0,
        0,
        0,
        0,
        0,
        0,
        0,
        0,
        0,
        0,
        0,
        0,
        0,
        0,
        0,
        0,
        0,
        0,
        0,
        0,
        0,
        0,
        0,
        0,
        0,
        0,
        0,
        0,
        0,
        0,
        0,
        0,
        0,
        0
      ]
    }
  ]
}
