{
  "results": [
    {
      "command": "/root/npb/NPB3.4-OMP/bin/mg.D.x",
      "mean": 29.23375523304,
      "stddev": 0.015671823199309504,
      "median": 29.23074821284,
      "user": 3696.8545466799997,
      "system": 29.383279860000005,
      "min": 29.21163753084,
      "max": 29.26886004484,
      "times": [
        29.22279939184,
        29.257399931840002,
        29.26886004484,
        29.22275821584,
        29.23100394684,
        29.21910774684,
        29.22311138184,
        29.24519387484,
        29.23434188884,
        29.23295950084,
        29.22285316984,
        29.21163753084,
        29.22728850184,
        29.22290404584,
        29.238264484840002,
        29.25427879984,
        29.259897038840002,
        29.23237763784,
        29.23049247884,
        29.21757504784
      ],
      "exit_codes": [
        0,
        0,
        0,
        0,
        0,
        0,
        0,
        0,
        0,
        0,
        0,
        0,
        0,
        0,
        0,
        0,
        0,
        0,
        0,
        0
      ]
    }
  ]
}
